subject_id,block,trial,condition,choice,rt,p0,p1,m0,m1,label0,label1,higher_p,higher_m,presentation,presentation01,by_attribute,ev0,ev1,delta_ev,delta_ev_z,g0,g1,gp,gm,duration_favours,last_stage_favours,duration_favours_str,last_stage_favours_str,choose_higher_p,sequence,webgazer_data,predicted_choice,predicted_choiceprob_0,predicted_choiceprob_1,model,rep
125-attributes,0,2,exp_67,0.0,745.3000000007451,0.72,0.51,4.2,5.2,higher_p,higher_m,0,1,attributes,1.0,True,3.024,2.652,0.3719999999999999,0.64020159214642,0.5,0.5,0.6,0.4,0.0,0.0,higher_p,higher_p,True,"{""durations"":[1000,1500,1000,1500],""alternatives"":[""all"",""all"",""all"",""all""],""attributes"":[""m"",""p"",""m"",""p""]}","[{""x"":841,""y"":676,""t"":0},{""x"":963,""y"":659,""t"":369},{""x"":957,""y"":683,""t"":741},{""x"":1116,""y"":571,""t"":1113},{""x"":919,""y"":735,""t"":1488},{""x"":1075,""y"":731,""t"":1857},{""x"":1310,""y"":716,""t"":2224},{""x"":1100,""y"":814,""t"":2591},{""x"":1221,""y"":835,""t"":2965},{""x"":1262,""y"":693,""t"":3338},{""x"":1291,""y"":625,""t"":3713},{""x"":1399,""y"":612,""t"":4085},{""x"":1390,""y"":560,""t"":4456},{""x"":1250,""y"":528,""t"":4826},{""x"":1221,""y"":532,""t"":5200},{""x"":1247,""y"":573,""t"":5578},{""x"":1096,""y"":582,""t"":5952},{""x"":1125,""y"":661,""t"":6330},{""x"":1148,""y"":513,""t"":6702},{""x"":1041,""y"":525,""t"":7076},{""x"":990,""y"":589,""t"":7453},{""x"":1167,""y"":663,""t"":7821}]",0,0.9868115979008786,0.013188402099121432,wa_b-last_b-longer,0
125-attributes,0,4,exp_57,0.0,746.1000000014901,0.41,0.21,1.7999999999999998,6.2,higher_p,higher_m,0,1,attributes,1.0,True,0.7379999999999999,1.302,-0.5640000000000002,-0.3231885851028555,0.5,0.5,0.6,0.4,0.0,1.0,higher_p,higher_m,True,"{""durations"":[1500,1000,1500,1000],""alternatives"":[""all"",""all"",""all"",""all""],""attributes"":[""p"",""m"",""p"",""m""]}","[{""x"":1431,""y"":552,""t"":0},{""x"":1266,""y"":555,""t"":372},{""x"":1135,""y"":663,""t"":743},{""x"":1067,""y"":709,""t"":1113},{""x"":1219,""y"":785,""t"":1483},{""x"":1231,""y"":887,""t"":1865},{""x"":1226,""y"":952,""t"":2237},{""x"":1291,""y"":982,""t"":2607},{""x"":1206,""y"":947,""t"":2977},{""x"":1262,""y"":827,""t"":3345},{""x"":1230,""y"":800,""t"":3716},{""x"":1136,""y"":877,""t"":4093},{""x"":1037,""y"":824,""t"":4462},{""x"":1080,""y"":863,""t"":4832},{""x"":1225,""y"":873,""t"":5209},{""x"":1249,""y"":841,""t"":5608},{""x"":1280,""y"":690,""t"":5996},{""x"":1089,""y"":583,""t"":6365},{""x"":1249,""y"":503,""t"":6732},{""x"":1130,""y"":419,""t"":7104},{""x"":1225,""y"":377,""t"":7474},{""x"":1086,""y"":396,""t"":7851},{""x"":1045,""y"":409,""t"":8220},{""x"":982,""y"":418,""t"":8589}]",1,0.24070198625494044,0.7592980137450596,wa_b-last_b-longer,0
125-attributes,0,5,exp_45,1.0,761.0999999977648,0.81,0.48,1.6999999999999995,7.9,higher_p,higher_m,0,1,attributes,1.0,True,1.3769999999999998,3.792,-2.415,-2.2283544163938904,0.5,0.5,0.4,0.6,1.0,0.0,higher_m,higher_p,False,"{""durations"":[1500,1000,1500,1000],""alternatives"":[""all"",""all"",""all"",""all""],""attributes"":[""m"",""p"",""m"",""p""]}","[{""x"":1083,""y"":778,""t"":0},{""x"":1085,""y"":672,""t"":371},{""x"":1154,""y"":722,""t"":743},{""x"":1168,""y"":588,""t"":1112},{""x"":1188,""y"":589,""t"":1488},{""x"":1187,""y"":505,""t"":1857},{""x"":1087,""y"":491,""t"":2231},{""x"":1144,""y"":533,""t"":2601},{""x"":1177,""y"":594,""t"":2971},{""x"":1095,""y"":670,""t"":3345},{""x"":1155,""y"":672,""t"":3715},{""x"":1322,""y"":664,""t"":4090},{""x"":1440,""y"":577,""t"":4460},{""x"":1289,""y"":496,""t"":4836},{""x"":1220,""y"":442,""t"":5212},{""x"":1237,""y"":561,""t"":5584},{""x"":1295,""y"":637,""t"":5954},{""x"":1190,""y"":735,""t"":6324},{""x"":1175,""y"":776,""t"":6695},{""x"":1164,""y"":710,""t"":7067},{""x"":1183,""y"":670,""t"":7454},{""x"":1211,""y"":556,""t"":7828},{""x"":1200,""y"":529,""t"":8196},{""x"":1265,""y"":510,""t"":8566}]",0,0.5977668684878316,0.40223313151216844,wa_b-last_b-longer,0
125-attributes,0,6,exp_107,0.0,372.80000000074506,0.78,0.4,2.1,3.0,higher_p,higher_m,0,1,attributes,1.0,True,1.638,1.2000000000000002,0.4379999999999999,0.7081329507986126,0.5,0.5,0.6,0.4,0.0,0.0,higher_p,higher_p,True,"{""durations"":[1000,1500,1000,1500],""alternatives"":[""all"",""all"",""all"",""all""],""attributes"":[""m"",""p"",""m"",""p""]}","[{""x"":1328,""y"":634,""t"":0},{""x"":1302,""y"":588,""t"":371},{""x"":1141,""y"":547,""t"":755},{""x"":1153,""y"":502,""t"":1133},{""x"":1114,""y"":525,""t"":1510},{""x"":1083,""y"":615,""t"":1896},{""x"":1108,""y"":623,""t"":2271},{""x"":1170,""y"":641,""t"":2638},{""x"":1173,""y"":538,""t"":3011},{""x"":1094,""y"":456,""t"":3385},{""x"":1132,""y"":465,""t"":3752},{""x"":1224,""y"":531,""t"":4119},{""x"":1084,""y"":596,""t"":4491},{""x"":980,""y"":653,""t"":4861},{""x"":881,""y"":690,""t"":5258},{""x"":877,""y"":738,""t"":5645},{""x"":786,""y"":625,""t"":6018},{""x"":781,""y"":671,""t"":6390},{""x"":790,""y"":692,""t"":6763},{""x"":817,""y"":694,""t"":7138},{""x"":932,""y"":626,""t"":7506}]",0,0.9998430491913091,0.00015695080869098534,wa_b-last_b-longer,0
125-attributes,0,8,exp_23,1.0,1484.0,0.28,0.17,4.3,8.3,higher_p,higher_m,0,1,attributes,1.0,True,1.204,1.4110000000000005,-0.2070000000000003,0.0442583094249128,0.5,0.5,0.4,0.6,1.0,1.0,higher_m,higher_m,False,"{""durations"":[1000,1500,1000,1500],""alternatives"":[""all"",""all"",""all"",""all""],""attributes"":[""p"",""m"",""p"",""m""]}","[{""x"":1258,""y"":336,""t"":0},{""x"":1262,""y"":399,""t"":376},{""x"":1226,""y"":479,""t"":750},{""x"":1230,""y"":555,""t"":1132},{""x"":1052,""y"":623,""t"":1504},{""x"":1094,""y"":639,""t"":1873},{""x"":1131,""y"":486,""t"":2245},{""x"":1007,""y"":402,""t"":2620},{""x"":1078,""y"":446,""t"":2991},{""x"":1138,""y"":453,""t"":3376},{""x"":1104,""y"":575,""t"":3746},{""x"":970,""y"":627,""t"":4116},{""x"":829,""y"":530,""t"":4488},{""x"":679,""y"":407,""t"":4857},{""x"":728,""y"":394,""t"":5233},{""x"":801,""y"":353,""t"":5603},{""x"":587,""y"":354,""t"":5972},{""x"":693,""y"":278,""t"":6339},{""x"":906,""y"":341,""t"":6711},{""x"":933,""y"":398,""t"":7089},{""x"":1120,""y"":513,""t"":7458},{""x"":1141,""y"":457,""t"":7824},{""x"":1051,""y"":441,""t"":8196},{""x"":1122,""y"":503,""t"":8567},{""x"":1042,""y"":516,""t"":8941}]",1,0.05238635777117672,0.9476136422288232,wa_b-last_b-longer,0
125-attributes,0,12,catch_1,1.0,1484.300000000745,0.29,0.41,4.2,5.9,dominated,dominant,1,1,attributes,1.0,True,1.218,2.419,-1.201,-0.9788291223975012,0.5,0.5,0.5,0.5,,1.0,,dominant,True,"{""durations"":[1250,1250,1250,1250],""attributes"":[""p"",""m"",""p"",""m""],""alternatives"":[""all"",""all"",""all"",""all""]}","[{""x"":1251,""y"":505,""t"":0},{""x"":1246,""y"":536,""t"":377},{""x"":1283,""y"":602,""t"":757},{""x"":1204,""y"":751,""t"":1126},{""x"":1187,""y"":779,""t"":1495},{""x"":1171,""y"":753,""t"":1868},{""x"":1051,""y"":719,""t"":2238},{""x"":983,""y"":892,""t"":2606},{""x"":876,""y"":896,""t"":2981},{""x"":1015,""y"":785,""t"":3350},{""x"":994,""y"":591,""t"":3720},{""x"":978,""y"":603,""t"":4091},{""x"":1098,""y"":758,""t"":4459},{""x"":1080,""y"":794,""t"":4841},{""x"":990,""y"":762,""t"":5212},{""x"":853,""y"":638,""t"":5583},{""x"":925,""y"":634,""t"":5956},{""x"":1190,""y"":703,""t"":6323},{""x"":1059,""y"":584,""t"":6697},{""x"":982,""y"":655,""t"":7067},{""x"":869,""y"":729,""t"":7439},{""x"":890,""y"":857,""t"":7808},{""x"":951,""y"":725,""t"":8178},{""x"":913,""y"":744,""t"":8551},{""x"":943,""y"":701,""t"":8924},{""x"":920,""y"":726,""t"":9295},{""x"":959,""y"":617,""t"":9663}]",1,0.0035127096672419606,0.996487290332758,wa_b-last_b-longer,0
125-attributes,0,18,exp_59,1.0,744.3999999985099,0.41,0.21,1.7999999999999998,6.2,higher_p,higher_m,0,1,attributes,1.0,True,0.7379999999999999,1.302,-0.5640000000000002,-0.3231885851028555,0.5,0.5,0.6,0.4,0.0,0.0,higher_p,higher_p,False,"{""durations"":[1000,1500,1000,1500],""alternatives"":[""all"",""all"",""all"",""all""],""attributes"":[""m"",""p"",""m"",""p""]}","[{""x"":1280,""y"":283,""t"":0},{""x"":1351,""y"":385,""t"":371},{""x"":1266,""y"":419,""t"":758},{""x"":1343,""y"":364,""t"":1138},{""x"":1327,""y"":417,""t"":1507},{""x"":1350,""y"":475,""t"":1883},{""x"":1242,""y"":671,""t"":2251},{""x"":1239,""y"":572,""t"":2619},{""x"":1126,""y"":475,""t"":2992},{""x"":1070,""y"":392,""t"":3360},{""x"":1090,""y"":333,""t"":3726},{""x"":1024,""y"":288,""t"":4099},{""x"":1083,""y"":288,""t"":4469},{""x"":1166,""y"":344,""t"":4849},{""x"":1030,""y"":388,""t"":5227},{""x"":1073,""y"":478,""t"":5605},{""x"":1061,""y"":429,""t"":5996},{""x"":927,""y"":322,""t"":6370},{""x"":942,""y"":346,""t"":6739},{""x"":912,""y"":398,""t"":7114},{""x"":902,""y"":412,""t"":7492},{""x"":986,""y"":503,""t"":7863}]",0,0.3798380828355082,0.6201619171644919,wa_b-last_b-longer,0
125-attributes,0,20,exp_1,0.0,752.3999999985099,0.79,0.49,5.300000000000001,8.3,higher_p,higher_m,0,1,attributes,1.0,True,4.187000000000001,4.067,0.120000000000001,0.3808273136562316,0.5,0.5,0.6,0.4,0.0,1.0,higher_p,higher_m,True,"{""durations"":[1500,1000,1500,1000],""alternatives"":[""all"",""all"",""all"",""all""],""attributes"":[""p"",""m"",""p"",""m""]}","[{""x"":1306,""y"":610,""t"":0},{""x"":1138,""y"":660,""t"":371},{""x"":1144,""y"":747,""t"":743},{""x"":1050,""y"":707,""t"":1110},{""x"":1057,""y"":719,""t"":1486},{""x"":883,""y"":760,""t"":1873},{""x"":853,""y"":768,""t"":2263},{""x"":955,""y"":669,""t"":2639},{""x"":789,""y"":441,""t"":3012},{""x"":718,""y"":212,""t"":3389},{""x"":776,""y"":220,""t"":3761},{""x"":792,""y"":242,""t"":4134},{""x"":920,""y"":366,""t"":4503},{""x"":792,""y"":471,""t"":4878},{""x"":936,""y"":389,""t"":5272},{""x"":1072,""y"":362,""t"":5653},{""x"":1163,""y"":271,""t"":6030},{""x"":1136,""y"":260,""t"":6401},{""x"":1027,""y"":161,""t"":6770},{""x"":1157,""y"":278,""t"":7150},{""x"":1172,""y"":220,""t"":7527},{""x"":1122,""y"":291,""t"":7903},{""x"":1150,""y"":299,""t"":8274},{""x"":1187,""y"":324,""t"":8643}]",0,0.9630655446988405,0.03693445530115936,wa_b-last_b-longer,0
125-attributes,0,22,exp_69,0.0,371.5,0.72,0.51,4.2,5.2,higher_p,higher_m,0,1,attributes,1.0,True,3.024,2.652,0.3719999999999999,0.64020159214642,0.5,0.5,0.4,0.6,1.0,0.0,higher_m,higher_p,True,"{""durations"":[1500,1000,1500,1000],""alternatives"":[""all"",""all"",""all"",""all""],""attributes"":[""m"",""p"",""m"",""p""]}","[{""x"":966,""y"":615,""t"":0},{""x"":915,""y"":542,""t"":375},{""x"":1078,""y"":507,""t"":748},{""x"":1175,""y"":512,""t"":1123},{""x"":1216,""y"":455,""t"":1499},{""x"":1253,""y"":460,""t"":1876},{""x"":1254,""y"":475,""t"":2251},{""x"":1154,""y"":458,""t"":2623},{""x"":1107,""y"":447,""t"":3000},{""x"":1150,""y"":566,""t"":3372},{""x"":1159,""y"":513,""t"":3745},{""x"":1164,""y"":448,""t"":4115},{""x"":1033,""y"":430,""t"":4486},{""x"":968,""y"":528,""t"":4862},{""x"":816,""y"":497,""t"":5230},{""x"":958,""y"":555,""t"":5601},{""x"":884,""y"":508,""t"":5972},{""x"":970,""y"":592,""t"":6340},{""x"":996,""y"":620,""t"":6709},{""x"":1168,""y"":585,""t"":7092},{""x"":1186,""y"":549,""t"":7464},{""x"":1181,""y"":583,""t"":7836},{""x"":1210,""y"":572,""t"":8205}]",0,0.9868116407018281,0.013188359298171854,wa_b-last_b-longer,0
125-attributes,0,26,exp_19,1.0,734.0999999977648,0.28,0.17,4.3,8.3,higher_p,higher_m,0,1,attributes,1.0,True,1.204,1.4110000000000005,-0.2070000000000003,0.0442583094249128,0.5,0.5,0.6,0.4,0.0,0.0,higher_p,higher_p,False,"{""durations"":[1000,1500,1000,1500],""alternatives"":[""all"",""all"",""all"",""all""],""attributes"":[""m"",""p"",""m"",""p""]}","[{""x"":830,""y"":634,""t"":0},{""x"":866,""y"":589,""t"":374},{""x"":892,""y"":671,""t"":741},{""x"":1081,""y"":466,""t"":1111},{""x"":1104,""y"":437,""t"":1477},{""x"":959,""y"":431,""t"":1841},{""x"":1021,""y"":415,""t"":2217},{""x"":1126,""y"":477,""t"":2588},{""x"":1106,""y"":348,""t"":2957},{""x"":1174,""y"":299,""t"":3323},{""x"":1147,""y"":246,""t"":3690},{""x"":1230,""y"":290,""t"":4054},{""x"":1265,""y"":351,""t"":4434},{""x"":1232,""y"":368,""t"":4801},{""x"":1370,""y"":372,""t"":5167},{""x"":1305,""y"":472,""t"":5531},{""x"":1237,""y"":493,""t"":5896},{""x"":1122,""y"":491,""t"":6265},{""x"":1260,""y"":395,""t"":6631},{""x"":1341,""y"":422,""t"":7000},{""x"":1336,""y"":513,""t"":7366},{""x"":1201,""y"":626,""t"":7733},{""x"":1170,""y"":529,""t"":8104}]",1,0.09650247273729516,0.9034975272627048,wa_b-last_b-longer,0
125-attributes,0,27,exp_113,0.0,751.1999999992549,0.49,0.22,4.2,7.9,higher_p,higher_m,0,1,attributes,1.0,True,2.058,1.738,0.3199999999999998,0.5866799156325714,0.5,0.5,0.6,0.4,0.0,1.0,higher_p,higher_m,True,"{""durations"":[1500,1000,1500,1000],""alternatives"":[""all"",""all"",""all"",""all""],""attributes"":[""p"",""m"",""p"",""m""]}","[{""x"":1210,""y"":516,""t"":0},{""x"":1133,""y"":732,""t"":373},{""x"":984,""y"":802,""t"":742},{""x"":941,""y"":843,""t"":1106},{""x"":948,""y"":817,""t"":1478},{""x"":837,""y"":674,""t"":1842},{""x"":831,""y"":584,""t"":2208},{""x"":801,""y"":548,""t"":2580},{""x"":888,""y"":504,""t"":2946},{""x"":970,""y"":454,""t"":3313},{""x"":871,""y"":396,""t"":3682},{""x"":874,""y"":375,""t"":4046},{""x"":909,""y"":308,""t"":4417},{""x"":991,""y"":305,""t"":4782},{""x"":1024,""y"":356,""t"":5146},{""x"":1047,""y"":351,""t"":5510},{""x"":1191,""y"":316,""t"":5878},{""x"":958,""y"":241,""t"":6256},{""x"":1127,""y"":303,""t"":6621},{""x"":1264,""y"":221,""t"":6984},{""x"":1050,""y"":160,""t"":7350},{""x"":1183,""y"":151,""t"":7723},{""x"":1153,""y"":217,""t"":8102},{""x"":1251,""y"":278,""t"":8467},{""x"":1240,""y"":368,""t"":8832}]",0,0.8268087776855915,0.17319122231440856,wa_b-last_b-longer,0
125-attributes,0,28,exp_9,0.0,369.1999999992549,0.7,0.29,1.7999999999999998,5.0,higher_p,higher_m,0,1,attributes,1.0,True,1.2599999999999998,1.45,-0.1900000000000001,0.0617557805929019,0.5,0.5,0.6,0.4,0.0,1.0,higher_p,higher_m,True,"{""durations"":[1500,1000,1500,1000],""alternatives"":[""all"",""all"",""all"",""all""],""attributes"":[""p"",""m"",""p"",""m""]}","[{""x"":948,""y"":744,""t"":0},{""x"":974,""y"":707,""t"":366},{""x"":929,""y"":615,""t"":732},{""x"":1077,""y"":643,""t"":1102},{""x"":1057,""y"":541,""t"":1468},{""x"":1037,""y"":454,""t"":1837},{""x"":860,""y"":331,""t"":2223},{""x"":1012,""y"":340,""t"":2604},{""x"":973,""y"":299,""t"":2973},{""x"":942,""y"":257,""t"":3339},{""x"":888,""y"":201,""t"":3707},{""x"":850,""y"":333,""t"":4072},{""x"":766,""y"":366,""t"":4437},{""x"":779,""y"":407,""t"":4807},{""x"":893,""y"":405,""t"":5172},{""x"":968,""y"":332,""t"":5536},{""x"":947,""y"":345,""t"":5902},{""x"":842,""y"":307,""t"":6266},{""x"":949,""y"":354,""t"":6635},{""x"":956,""y"":411,""t"":6998},{""x"":970,""y"":391,""t"":7364},{""x"":869,""y"":338,""t"":7735},{""x"":886,""y"":319,""t"":8098},{""x"":928,""y"":433,""t"":8468}]",0,0.9969278671220129,0.0030721328779871673,wa_b-last_b-longer,0
125-attributes,0,32,catch_7,1.0,372.1999999992549,0.28,0.48,2.1,5.2,dominated,dominant,1,1,attributes,1.0,True,0.5880000000000001,2.496,-1.908,-1.706518070383866,0.5,0.5,0.5,0.5,,1.0,,dominant,True,"{""durations"":[1250,1250,1250,1250],""attributes"":[""p"",""m"",""p"",""m""],""alternatives"":[""all"",""all"",""all"",""all""]}","[{""x"":1259,""y"":762,""t"":0},{""x"":1259,""y"":701,""t"":367},{""x"":1110,""y"":724,""t"":733},{""x"":1245,""y"":751,""t"":1097},{""x"":1084,""y"":831,""t"":1469},{""x"":1097,""y"":796,""t"":1836},{""x"":1193,""y"":804,""t"":2201},{""x"":1125,""y"":755,""t"":2563},{""x"":862,""y"":644,""t"":2934},{""x"":878,""y"":654,""t"":3297},{""x"":1003,""y"":633,""t"":3664},{""x"":938,""y"":559,""t"":4031},{""x"":983,""y"":539,""t"":4393},{""x"":1115,""y"":534,""t"":4764},{""x"":1180,""y"":462,""t"":5128},{""x"":1177,""y"":448,""t"":5493},{""x"":1140,""y"":384,""t"":5857},{""x"":1256,""y"":408,""t"":6221},{""x"":1330,""y"":424,""t"":6598},{""x"":1307,""y"":428,""t"":6968},{""x"":1290,""y"":464,""t"":7342},{""x"":1333,""y"":411,""t"":7716},{""x"":1244,""y"":528,""t"":8083},{""x"":1229,""y"":592,""t"":8454}]",1,7.115677784589549e-05,0.9999288432221541,wa_b-last_b-longer,0
125-attributes,0,33,catch_3,1.0,367.0,0.19,0.38,5.8,6.799999999999999,dominated,dominant,1,1,attributes,1.0,True,1.102,2.584,-1.4819999999999998,-1.2680520281742598,0.5,0.5,0.5,0.5,,1.0,,dominant,True,"{""durations"":[1250,1250,1250,1250],""attributes"":[""p"",""m"",""p"",""m""],""alternatives"":[""all"",""all"",""all"",""all""]}","[{""x"":1122,""y"":470,""t"":0},{""x"":1152,""y"":472,""t"":367},{""x"":1008,""y"":402,""t"":733},{""x"":1125,""y"":429,""t"":1097},{""x"":1095,""y"":471,""t"":1460},{""x"":1259,""y"":663,""t"":1831},{""x"":1237,""y"":692,""t"":2197},{""x"":1033,""y"":505,""t"":2560},{""x"":1000,""y"":440,""t"":2925},{""x"":911,""y"":309,""t"":3295},{""x"":1015,""y"":296,""t"":3661},{""x"":958,""y"":224,""t"":4027},{""x"":1090,""y"":365,""t"":4391},{""x"":1114,""y"":314,""t"":4754},{""x"":1100,""y"":294,""t"":5125},{""x"":1135,""y"":241,""t"":5493},{""x"":1168,""y"":238,""t"":5879},{""x"":1166,""y"":253,""t"":6282},{""x"":1227,""y"":255,""t"":6646},{""x"":1216,""y"":201,""t"":7016},{""x"":1233,""y"":306,""t"":7383},{""x"":1194,""y"":382,""t"":7751},{""x"":1251,""y"":459,""t"":8115},{""x"":1286,""y"":511,""t"":8480}]",1,0.001522952682498694,0.9984770473175013,wa_b-last_b-longer,0
125-attributes,0,34,exp_101,0.0,742.0,0.58,0.38,4.9,6.9,higher_p,higher_m,0,1,attributes,1.0,True,2.842,2.6220000000000003,0.2199999999999997,0.4837536146444008,0.5,0.5,0.4,0.6,1.0,0.0,higher_m,higher_p,True,"{""durations"":[1500,1000,1500,1000],""alternatives"":[""all"",""all"",""all"",""all""],""attributes"":[""m"",""p"",""m"",""p""]}","[{""x"":1309,""y"":782,""t"":0},{""x"":1285,""y"":700,""t"":364},{""x"":1099,""y"":598,""t"":732},{""x"":1050,""y"":511,""t"":1095},{""x"":1051,""y"":517,""t"":1460},{""x"":1106,""y"":423,""t"":1830},{""x"":1020,""y"":426,""t"":2196},{""x"":1242,""y"":560,""t"":2561},{""x"":1158,""y"":565,""t"":2926},{""x"":1279,""y"":556,""t"":3289},{""x"":1361,""y"":665,""t"":3662},{""x"":1462,""y"":552,""t"":4028},{""x"":1342,""y"":409,""t"":4398},{""x"":1395,""y"":317,""t"":4762},{""x"":1434,""y"":305,""t"":5150},{""x"":1393,""y"":361,""t"":5520},{""x"":1269,""y"":320,""t"":5890},{""x"":1283,""y"":455,""t"":6258},{""x"":1184,""y"":541,""t"":6619},{""x"":1151,""y"":554,""t"":6986},{""x"":1035,""y"":553,""t"":7359},{""x"":1096,""y"":569,""t"":7729},{""x"":1034,""y"":598,""t"":8098},{""x"":1108,""y"":612,""t"":8468}]",0,0.9383598356736927,0.061640164326307374,wa_b-last_b-longer,0
125-attributes,0,36,exp_53,0.0,375.1000000014901,0.49,0.32,6.9,8.2,higher_p,higher_m,0,1,attributes,1.0,True,3.381,2.624,0.7570000000000006,1.0364678509508771,0.5,0.5,0.4,0.6,1.0,0.0,higher_m,higher_p,True,"{""durations"":[1500,1000,1500,1000],""alternatives"":[""all"",""all"",""all"",""all""],""attributes"":[""m"",""p"",""m"",""p""]}","[{""x"":1221,""y"":287,""t"":0},{""x"":1291,""y"":452,""t"":368},{""x"":1306,""y"":354,""t"":735},{""x"":1218,""y"":311,""t"":1101},{""x"":1130,""y"":238,""t"":1468},{""x"":1149,""y"":263,""t"":1841},{""x"":1269,""y"":292,""t"":2209},{""x"":1350,""y"":333,""t"":2577},{""x"":1338,""y"":412,""t"":2942},{""x"":1302,""y"":480,""t"":3307},{""x"":1317,""y"":627,""t"":3676},{""x"":1251,""y"":558,""t"":4050},{""x"":1170,""y"":498,""t"":4415},{""x"":1213,""y"":554,""t"":4781},{""x"":1255,""y"":664,""t"":5146},{""x"":1376,""y"":588,""t"":5511},{""x"":1234,""y"":698,""t"":5888},{""x"":1219,""y"":542,""t"":6255},{""x"":1178,""y"":564,""t"":6618},{""x"":1102,""y"":710,""t"":6982},{""x"":1019,""y"":872,""t"":7351},{""x"":1088,""y"":932,""t"":7725},{""x"":957,""y"":977,""t"":8093},{""x"":970,""y"":923,""t"":8456}]",0,0.9478118577599982,0.05218814224000182,wa_b-last_b-longer,0
125-attributes,0,37,exp_89,0.0,1099.699999999255,0.5,0.38,3.0,4.0,higher_p,higher_m,0,1,attributes,1.0,True,1.5,1.52,-0.02,0.2367304922727919,0.5,0.5,0.6,0.4,0.0,1.0,higher_p,higher_m,True,"{""durations"":[1500,1000,1500,1000],""alternatives"":[""all"",""all"",""all"",""all""],""attributes"":[""p"",""m"",""p"",""m""]}","[{""x"":956,""y"":269,""t"":0},{""x"":1078,""y"":295,""t"":369},{""x"":1178,""y"":397,""t"":735},{""x"":1210,""y"":504,""t"":1099},{""x"":1210,""y"":445,""t"":1471},{""x"":1001,""y"":476,""t"":1836},{""x"":908,""y"":522,""t"":2204},{""x"":779,""y"":492,""t"":2572},{""x"":705,""y"":351,""t"":2936},{""x"":792,""y"":402,""t"":3300},{""x"":853,""y"":375,""t"":3673},{""x"":971,""y"":502,""t"":4039},{""x"":971,""y"":585,""t"":4404},{""x"":1185,""y"":657,""t"":4771},{""x"":1141,""y"":742,""t"":5134},{""x"":1023,""y"":599,""t"":5503},{""x"":886,""y"":492,""t"":5870},{""x"":906,""y"":492,""t"":6236},{""x"":960,""y"":409,""t"":6601},{""x"":1067,""y"":353,""t"":6967},{""x"":946,""y"":261,""t"":7342},{""x"":882,""y"":400,""t"":7709},{""x"":916,""y"":500,""t"":8075},{""x"":920,""y"":384,""t"":8443},{""x"":972,""y"":503,""t"":8811},{""x"":1003,""y"":592,""t"":9184}]",0,0.798116573382908,0.201883426617092,wa_b-last_b-longer,0
125-attributes,0,39,exp_37,0.0,371.7000000029802,0.79,0.7,2.0,3.2,higher_p,higher_m,0,1,attributes,1.0,True,1.58,2.24,-0.6599999999999997,-0.4219978340514987,0.5,0.5,0.4,0.6,1.0,0.0,higher_m,higher_p,True,"{""durations"":[1500,1000,1500,1000],""alternatives"":[""all"",""all"",""all"",""all""],""attributes"":[""m"",""p"",""m"",""p""]}","[{""x"":1213,""y"":442,""t"":0},{""x"":1139,""y"":349,""t"":388},{""x"":1152,""y"":309,""t"":771},{""x"":1273,""y"":256,""t"":1140},{""x"":1154,""y"":284,""t"":1511},{""x"":1115,""y"":413,""t"":1879},{""x"":1083,""y"":442,""t"":2247},{""x"":1085,""y"":464,""t"":2611},{""x"":1188,""y"":515,""t"":2975},{""x"":1280,""y"":515,""t"":3350},{""x"":1106,""y"":506,""t"":3715},{""x"":1202,""y"":402,""t"":4079},{""x"":985,""y"":305,""t"":4444},{""x"":1029,""y"":440,""t"":4807},{""x"":1094,""y"":528,""t"":5185},{""x"":1025,""y"":496,""t"":5553},{""x"":771,""y"":521,""t"":5919},{""x"":866,""y"":608,""t"":6284},{""x"":852,""y"":610,""t"":6648},{""x"":921,""y"":699,""t"":7022},{""x"":1012,""y"":791,""t"":7395},{""x"":1031,""y"":796,""t"":7762},{""x"":921,""y"":766,""t"":8128}]",0,0.7319920671851418,0.26800793281485813,wa_b-last_b-longer,0
125-attributes,0,40,exp_15,0.0,369.30000000074506,0.7,0.29,1.7999999999999998,5.0,higher_p,higher_m,0,1,attributes,1.0,True,1.2599999999999998,1.45,-0.1900000000000001,0.0617557805929019,0.5,0.5,0.4,0.6,1.0,1.0,higher_m,higher_m,True,"{""durations"":[1000,1500,1000,1500],""alternatives"":[""all"",""all"",""all"",""all""],""attributes"":[""p"",""m"",""p"",""m""]}","[{""x"":1134,""y"":504,""t"":0},{""x"":1054,""y"":444,""t"":376},{""x"":919,""y"":445,""t"":745},{""x"":1045,""y"":500,""t"":1120},{""x"":1076,""y"":463,""t"":1493},{""x"":1051,""y"":488,""t"":1860},{""x"":1004,""y"":357,""t"":2225},{""x"":1151,""y"":265,""t"":2596},{""x"":1166,""y"":296,""t"":2970},{""x"":1233,""y"":356,""t"":3339},{""x"":1227,""y"":403,""t"":3706},{""x"":1154,""y"":471,""t"":4079},{""x"":1158,""y"":499,""t"":4447},{""x"":1282,""y"":400,""t"":4815},{""x"":1199,""y"":557,""t"":5181},{""x"":1254,""y"":466,""t"":5554},{""x"":1308,""y"":560,""t"":5921},{""x"":1308,""y"":498,""t"":6291},{""x"":1235,""y"":576,""t"":6662},{""x"":1183,""y"":535,""t"":7029},{""x"":1109,""y"":473,""t"":7408}]",0,0.9969278771943603,0.003072122805639748,wa_b-last_b-longer,0
125-attributes,0,41,catch_9,1.0,378.5999999977648,0.48,0.72,1.7999999999999998,4.0,dominated,dominant,1,1,attributes,1.0,True,0.8639999999999999,2.88,-2.016,-1.8176784754510904,0.5,0.5,0.5,0.5,,1.0,,dominant,True,"{""durations"":[1250,1250,1250,1250],""attributes"":[""p"",""m"",""p"",""m""],""alternatives"":[""all"",""all"",""all"",""all""]}","[{""x"":854,""y"":417,""t"":0},{""x"":866,""y"":351,""t"":376},{""x"":777,""y"":428,""t"":747},{""x"":957,""y"":590,""t"":1115},{""x"":1068,""y"":719,""t"":1485},{""x"":1047,""y"":735,""t"":1863},{""x"":1047,""y"":609,""t"":2232},{""x"":1142,""y"":800,""t"":2600},{""x"":1352,""y"":839,""t"":2968},{""x"":1316,""y"":777,""t"":3334},{""x"":1224,""y"":802,""t"":3704},{""x"":1194,""y"":844,""t"":4080},{""x"":1165,""y"":815,""t"":4448},{""x"":1123,""y"":853,""t"":4822},{""x"":1159,""y"":877,""t"":5189},{""x"":1210,""y"":807,""t"":5559},{""x"":1096,""y"":685,""t"":5934},{""x"":1051,""y"":665,""t"":6302},{""x"":990,""y"":644,""t"":6670},{""x"":1026,""y"":666,""t"":7038},{""x"":1043,""y"":628,""t"":7408},{""x"":1093,""y"":580,""t"":7787},{""x"":1095,""y"":575,""t"":8157},{""x"":1091,""y"":641,""t"":8523}]",1,8.610373293151947e-05,0.9999138962670684,wa_b-last_b-longer,0
125-attributes,0,42,exp_73,0.0,741.8999999985099,0.8,0.2,4.0,6.799999999999999,higher_p,higher_m,0,1,attributes,1.0,True,3.2,1.36,1.8400000000000003,2.151159690652763,0.5,0.5,0.6,0.4,0.0,1.0,higher_p,higher_m,True,"{""durations"":[1500,1000,1500,1000],""alternatives"":[""all"",""all"",""all"",""all""],""attributes"":[""p"",""m"",""p"",""m""]}","[{""x"":897,""y"":492,""t"":0},{""x"":893,""y"":374,""t"":370},{""x"":967,""y"":324,""t"":740},{""x"":854,""y"":411,""t"":1106},{""x"":898,""y"":563,""t"":1482},{""x"":935,""y"":501,""t"":1866},{""x"":978,""y"":595,""t"":2246},{""x"":1077,""y"":518,""t"":2615},{""x"":1070,""y"":602,""t"":2982},{""x"":1092,""y"":610,""t"":3347},{""x"":1251,""y"":525,""t"":3724},{""x"":1271,""y"":490,""t"":4093},{""x"":1045,""y"":484,""t"":4460},{""x"":921,""y"":450,""t"":4826},{""x"":870,""y"":361,""t"":5192},{""x"":746,""y"":230,""t"":5564},{""x"":796,""y"":188,""t"":5933},{""x"":688,""y"":271,""t"":6300},{""x"":757,""y"":325,""t"":6665},{""x"":880,""y"":288,""t"":7056},{""x"":839,""y"":259,""t"":7447},{""x"":865,""y"":322,""t"":7819},{""x"":856,""y"":435,""t"":8189},{""x"":748,""y"":402,""t"":8554},{""x"":1027,""y"":470,""t"":8919}]",0,0.9999854123966648,1.4587603335030783e-05,wa_b-last_b-longer,0
125-attributes,0,45,exp_29,0.0,373.4000000022352,0.3,0.17,2.0,3.0,higher_p,higher_m,0,1,attributes,1.0,True,0.6,0.51,0.0899999999999999,0.3499494233597794,0.5,0.5,0.4,0.6,1.0,0.0,higher_m,higher_p,True,"{""durations"":[1500,1000,1500,1000],""alternatives"":[""all"",""all"",""all"",""all""],""attributes"":[""m"",""p"",""m"",""p""]}","[{""x"":1143,""y"":494,""t"":0},{""x"":1154,""y"":540,""t"":367},{""x"":1212,""y"":544,""t"":736},{""x"":1317,""y"":531,""t"":1107},{""x"":1352,""y"":576,""t"":1471},{""x"":1396,""y"":612,""t"":1836},{""x"":1399,""y"":605,""t"":2210},{""x"":1308,""y"":550,""t"":2576},{""x"":1258,""y"":533,""t"":2941},{""x"":1151,""y"":527,""t"":3304},{""x"":1094,""y"":664,""t"":3672},{""x"":958,""y"":655,""t"":4045},{""x"":952,""y"":586,""t"":4408},{""x"":1011,""y"":443,""t"":4782},{""x"":1094,""y"":424,""t"":5146},{""x"":1133,""y"":440,""t"":5511},{""x"":986,""y"":473,""t"":5885},{""x"":1166,""y"":518,""t"":6252},{""x"":1307,""y"":623,""t"":6616},{""x"":1293,""y"":703,""t"":6981},{""x"":1282,""y"":743,""t"":7348},{""x"":1154,""y"":672,""t"":7724},{""x"":1190,""y"":594,""t"":8090},{""x"":1151,""y"":643,""t"":8455}]",0,0.9077711924117531,0.09222880758824692,wa_b-last_b-longer,0
125-attributes,0,46,exp_99,0.0,745.8999999985099,0.58,0.38,4.9,6.9,higher_p,higher_m,0,1,attributes,1.0,True,2.842,2.6220000000000003,0.2199999999999997,0.4837536146444008,0.5,0.5,0.6,0.4,0.0,0.0,higher_p,higher_p,True,"{""durations"":[1000,1500,1000,1500],""alternatives"":[""all"",""all"",""all"",""all""],""attributes"":[""m"",""p"",""m"",""p""]}","[{""x"":1236,""y"":588,""t"":0},{""x"":1272,""y"":513,""t"":367},{""x"":1026,""y"":452,""t"":734},{""x"":1117,""y"":370,""t"":1110},{""x"":1099,""y"":408,""t"":1474},{""x"":1179,""y"":472,""t"":1840},{""x"":1237,""y"":578,""t"":2203},{""x"":1230,""y"":615,""t"":2573},{""x"":1149,""y"":642,""t"":2939},{""x"":1190,""y"":503,""t"":3306},{""x"":1226,""y"":398,""t"":3677},{""x"":1174,""y"":379,""t"":4042},{""x"":1207,""y"":548,""t"":4406},{""x"":1186,""y"":597,""t"":4780},{""x"":1085,""y"":604,""t"":5160},{""x"":1195,""y"":616,""t"":5542},{""x"":1223,""y"":623,""t"":5907},{""x"":1226,""y"":664,""t"":6272},{""x"":1274,""y"":688,""t"":6639},{""x"":1257,""y"":705,""t"":7005},{""x"":1261,""y"":872,""t"":7386},{""x"":1300,""y"":789,""t"":7752},{""x"":1259,""y"":644,""t"":8116}]",0,0.9383596454513617,0.06164035454863836,wa_b-last_b-longer,0
125-attributes,0,48,catch_5,1.0,371.8999999985099,0.4,0.49,3.2,4.3,dominated,dominant,1,1,attributes,1.0,True,1.2800000000000002,2.107,-0.8269999999999995,-0.5938847567017431,0.5,0.5,0.5,0.5,,1.0,,dominant,True,"{""durations"":[1250,1250,1250,1250],""attributes"":[""p"",""m"",""p"",""m""],""alternatives"":[""all"",""all"",""all"",""all""]}","[{""x"":1204,""y"":557,""t"":0},{""x"":1113,""y"":595,""t"":369},{""x"":1214,""y"":691,""t"":742},{""x"":1005,""y"":781,""t"":1106},{""x"":952,""y"":833,""t"":1472},{""x"":873,""y"":793,""t"":1844},{""x"":1059,""y"":709,""t"":2210},{""x"":954,""y"":615,""t"":2574},{""x"":1086,""y"":351,""t"":2936},{""x"":1268,""y"":321,""t"":3301},{""x"":1307,""y"":364,""t"":3675},{""x"":1205,""y"":468,""t"":4042},{""x"":1195,""y"":586,""t"":4408},{""x"":1272,""y"":663,""t"":4779},{""x"":1291,""y"":706,""t"":5155},{""x"":1271,""y"":680,""t"":5536},{""x"":1200,""y"":560,""t"":5904},{""x"":1136,""y"":595,""t"":6268},{""x"":1266,""y"":608,""t"":6634},{""x"":1299,""y"":720,""t"":6997},{""x"":1195,""y"":632,""t"":7378},{""x"":1165,""y"":661,""t"":7750},{""x"":1125,""y"":554,""t"":8114},{""x"":1160,""y"":670,""t"":8478}]",1,0.01656228228876215,0.9834377177112379,wa_b-last_b-longer,0
125-attributes,0,49,exp_47,1.0,735.5,0.81,0.48,1.6999999999999995,7.9,higher_p,higher_m,0,1,attributes,1.0,True,1.3769999999999998,3.792,-2.415,-2.2283544163938904,0.5,0.5,0.4,0.6,1.0,1.0,higher_m,higher_m,False,"{""durations"":[1000,1500,1000,1500],""alternatives"":[""all"",""all"",""all"",""all""],""attributes"":[""p"",""m"",""p"",""m""]}","[{""x"":1028,""y"":642,""t"":0},{""x"":1096,""y"":564,""t"":366},{""x"":1130,""y"":664,""t"":733},{""x"":968,""y"":749,""t"":1102},{""x"":1070,""y"":813,""t"":1475},{""x"":987,""y"":691,""t"":1839},{""x"":1086,""y"":739,""t"":2205},{""x"":1024,""y"":674,""t"":2569},{""x"":992,""y"":475,""t"":2933},{""x"":849,""y"":396,""t"":3311},{""x"":730,""y"":412,""t"":3682},{""x"":897,""y"":476,""t"":4049},{""x"":973,""y"":473,""t"":4420},{""x"":1005,""y"":504,""t"":4794},{""x"":927,""y"":500,""t"":5174},{""x"":822,""y"":493,""t"":5544},{""x"":1004,""y"":525,""t"":5914},{""x"":952,""y"":345,""t"":6280},{""x"":834,""y"":250,""t"":6654},{""x"":890,""y"":142,""t"":7020},{""x"":928,""y"":168,""t"":7392},{""x"":1080,""y"":190,""t"":7758},{""x"":1117,""y"":360,""t"":8122}]",1,0.43476639776588066,0.5652336022341194,wa_b-last_b-longer,0
125-attributes,0,50,exp_25,0.0,734.0999999977648,0.3,0.17,2.0,3.0,higher_p,higher_m,0,1,attributes,1.0,True,0.6,0.51,0.0899999999999999,0.3499494233597794,0.5,0.5,0.6,0.4,0.0,1.0,higher_p,higher_m,True,"{""durations"":[1500,1000,1500,1000],""alternatives"":[""all"",""all"",""all"",""all""],""attributes"":[""p"",""m"",""p"",""m""]}","[{""x"":1171,""y"":649,""t"":0},{""x"":1070,""y"":654,""t"":367},{""x"":1178,""y"":627,""t"":740},{""x"":1190,""y"":590,""t"":1106},{""x"":1227,""y"":566,""t"":1469},{""x"":1161,""y"":516,""t"":1833},{""x"":1130,""y"":465,""t"":2205},{""x"":1032,""y"":314,""t"":2571},{""x"":1136,""y"":375,""t"":2939},{""x"":1145,""y"":395,""t"":3309},{""x"":909,""y"":287,""t"":3675},{""x"":877,""y"":343,""t"":4041},{""x"":891,""y"":514,""t"":4405},{""x"":993,""y"":584,""t"":4776},{""x"":1041,""y"":622,""t"":5140},{""x"":1069,""y"":604,""t"":5503},{""x"":1141,""y"":615,""t"":5871},{""x"":1122,""y"":621,""t"":6252},{""x"":990,""y"":721,""t"":6617},{""x"":1163,""y"":473,""t"":6982},{""x"":1351,""y"":337,""t"":7350},{""x"":1247,""y"":312,""t"":7716},{""x"":1227,""y"":326,""t"":8085},{""x"":1229,""y"":354,""t"":8457},{""x"":1246,""y"":422,""t"":8821}]",0,0.8359115688645835,0.1640884311354165,wa_b-last_b-longer,0
125-attributes,0,52,exp_3,0.0,740.8999999985099,0.79,0.49,5.300000000000001,8.3,higher_p,higher_m,0,1,attributes,1.0,True,4.187000000000001,4.067,0.120000000000001,0.3808273136562316,0.5,0.5,0.6,0.4,0.0,0.0,higher_p,higher_p,True,"{""durations"":[1000,1500,1000,1500],""alternatives"":[""all"",""all"",""all"",""all""],""attributes"":[""m"",""p"",""m"",""p""]}","[{""x"":1170,""y"":322,""t"":0},{""x"":1108,""y"":270,""t"":370},{""x"":991,""y"":271,""t"":738},{""x"":1078,""y"":217,""t"":1109},{""x"":1114,""y"":379,""t"":1475},{""x"":1183,""y"":491,""t"":1842},{""x"":1032,""y"":506,""t"":2206},{""x"":1136,""y"":618,""t"":2572},{""x"":1155,""y"":557,""t"":2938},{""x"":1006,""y"":523,""t"":3320},{""x"":1028,""y"":477,""t"":3686},{""x"":1151,""y"":623,""t"":4050},{""x"":1188,""y"":738,""t"":4415},{""x"":1204,""y"":764,""t"":4784},{""x"":1016,""y"":631,""t"":5155},{""x"":977,""y"":545,""t"":5526},{""x"":944,""y"":569,""t"":5897},{""x"":924,""y"":556,""t"":6261},{""x"":891,""y"":652,""t"":6627},{""x"":1054,""y"":471,""t"":7001},{""x"":1034,""y"":330,""t"":7369},{""x"":1066,""y"":217,""t"":7737},{""x"":1051,""y"":247,""t"":8102}]",0,0.9805368218032942,0.01946317819670594,wa_b-last_b-longer,0
125-attributes,0,56,exp_91,0.0,734.5,0.5,0.38,3.0,4.0,higher_p,higher_m,0,1,attributes,1.0,True,1.5,1.52,-0.02,0.2367304922727919,0.5,0.5,0.6,0.4,0.0,0.0,higher_p,higher_p,True,"{""durations"":[1000,1500,1000,1500],""alternatives"":[""all"",""all"",""all"",""all""],""attributes"":[""m"",""p"",""m"",""p""]}","[{""x"":1136,""y"":703,""t"":0},{""x"":1240,""y"":640,""t"":378},{""x"":1172,""y"":440,""t"":746},{""x"":1162,""y"":319,""t"":1114},{""x"":1190,""y"":350,""t"":1479},{""x"":1063,""y"":199,""t"":1844},{""x"":1136,""y"":250,""t"":2215},{""x"":1021,""y"":378,""t"":2580},{""x"":1209,""y"":344,""t"":2945},{""x"":1311,""y"":250,""t"":3313},{""x"":1449,""y"":252,""t"":3686},{""x"":1410,""y"":238,""t"":4051},{""x"":1430,""y"":203,""t"":4415},{""x"":1334,""y"":266,""t"":4780},{""x"":1464,""y"":318,""t"":5152},{""x"":1318,""y"":364,""t"":5517},{""x"":1366,""y"":519,""t"":5880},{""x"":1331,""y"":592,""t"":6245},{""x"":1284,""y"":589,""t"":6617},{""x"":1241,""y"":636,""t"":6984},{""x"":1117,""y"":682,""t"":7351},{""x"":978,""y"":654,""t"":7719},{""x"":1107,""y"":605,""t"":8090},{""x"":1105,""y"":730,""t"":8454}]",0,0.8842352918030315,0.11576470819696846,wa_b-last_b-longer,0
125-attributes,0,57,exp_35,1.0,370.0,0.79,0.7,2.0,3.2,higher_p,higher_m,0,1,attributes,1.0,True,1.58,2.24,-0.6599999999999997,-0.4219978340514987,0.5,0.5,0.6,0.4,0.0,0.0,higher_p,higher_p,False,"{""durations"":[1000,1500,1000,1500],""alternatives"":[""all"",""all"",""all"",""all""],""attributes"":[""m"",""p"",""m"",""p""]}","[{""x"":1077,""y"":718,""t"":0},{""x"":991,""y"":732,""t"":366},{""x"":1025,""y"":552,""t"":735},{""x"":1047,""y"":528,""t"":1107},{""x"":945,""y"":478,""t"":1475},{""x"":963,""y"":626,""t"":1841},{""x"":927,""y"":722,""t"":2212},{""x"":952,""y"":696,""t"":2576},{""x"":1058,""y"":757,""t"":2990},{""x"":984,""y"":738,""t"":3385},{""x"":1066,""y"":552,""t"":3751},{""x"":1067,""y"":402,""t"":4116},{""x"":1228,""y"":367,""t"":4480},{""x"":1392,""y"":403,""t"":4855},{""x"":1339,""y"":386,""t"":5221},{""x"":1323,""y"":395,""t"":5584},{""x"":1232,""y"":396,""t"":5949},{""x"":1264,""y"":470,""t"":6322},{""x"":1354,""y"":602,""t"":6686},{""x"":1319,""y"":530,""t"":7060},{""x"":1204,""y"":506,""t"":7430},{""x"":1115,""y"":474,""t"":7795},{""x"":1183,""y"":528,""t"":8159}]",1,0.7319914220034581,0.26800857799654193,wa_b-last_b-longer,0
125-attributes,0,59,exp_27,0.0,368.80000000074506,0.3,0.17,2.0,3.0,higher_p,higher_m,0,1,attributes,1.0,True,0.6,0.51,0.0899999999999999,0.3499494233597794,0.5,0.5,0.6,0.4,0.0,0.0,higher_p,higher_p,True,"{""durations"":[1000,1500,1000,1500],""alternatives"":[""all"",""all"",""all"",""all""],""attributes"":[""m"",""p"",""m"",""p""]}","[{""x"":1039,""y"":323,""t"":0},{""x"":944,""y"":392,""t"":368},{""x"":915,""y"":443,""t"":734},{""x"":1017,""y"":512,""t"":1118},{""x"":1009,""y"":669,""t"":1485},{""x"":1261,""y"":561,""t"":1849},{""x"":1227,""y"":537,""t"":2216},{""x"":1165,""y"":528,""t"":2580},{""x"":1253,""y"":529,""t"":2944},{""x"":1060,""y"":449,""t"":3318},{""x"":945,""y"":447,""t"":3685},{""x"":966,""y"":449,""t"":4050},{""x"":926,""y"":541,""t"":4415},{""x"":857,""y"":304,""t"":4783},{""x"":958,""y"":320,""t"":5156},{""x"":960,""y"":258,""t"":5521},{""x"":978,""y"":388,""t"":5886},{""x"":1018,""y"":418,""t"":6255},{""x"":896,""y"":464,""t"":6622},{""x"":899,""y"":391,""t"":6990},{""x"":983,""y"":469,""t"":7360},{""x"":1111,""y"":578,""t"":7733},{""x"":1162,""y"":544,""t"":8097}]",0,0.9077709170705235,0.09222908292947647,wa_b-last_b-longer,0
125-attributes,0,60,exp_117,0.0,382.5,0.49,0.22,4.2,7.9,higher_p,higher_m,0,1,attributes,1.0,True,2.058,1.738,0.3199999999999998,0.5866799156325714,0.5,0.5,0.4,0.6,1.0,0.0,higher_m,higher_p,True,"{""durations"":[1500,1000,1500,1000],""alternatives"":[""all"",""all"",""all"",""all""],""attributes"":[""m"",""p"",""m"",""p""]}","[{""x"":1039,""y"":735,""t"":0},{""x"":1107,""y"":697,""t"":374},{""x"":1075,""y"":440,""t"":739},{""x"":1124,""y"":398,""t"":1102},{""x"":1079,""y"":350,""t"":1472},{""x"":1174,""y"":343,""t"":1834},{""x"":1201,""y"":354,""t"":2200},{""x"":1059,""y"":395,""t"":2573},{""x"":1197,""y"":401,""t"":2936},{""x"":1145,""y"":497,""t"":3300},{""x"":1116,""y"":650,""t"":3672},{""x"":963,""y"":725,""t"":4036},{""x"":1079,""y"":667,""t"":4401},{""x"":1085,""y"":517,""t"":4771},{""x"":1230,""y"":529,""t"":5135},{""x"":1122,""y"":553,""t"":5499},{""x"":994,""y"":551,""t"":5873},{""x"":1000,""y"":668,""t"":6239},{""x"":1098,""y"":518,""t"":6603},{""x"":1094,""y"":462,""t"":6983},{""x"":1039,""y"":377,""t"":7364},{""x"":1089,""y"":295,""t"":7748},{""x"":1210,""y"":439,""t"":8143},{""x"":1259,""y"":568,""t"":8525}]",0,0.9021883502800497,0.0978116497199502,wa_b-last_b-longer,0
125-attributes,0,66,exp_115,0.0,374.3999999985099,0.49,0.22,4.2,7.9,higher_p,higher_m,0,1,attributes,1.0,True,2.058,1.738,0.3199999999999998,0.5866799156325714,0.5,0.5,0.6,0.4,0.0,0.0,higher_p,higher_p,True,"{""durations"":[1000,1500,1000,1500],""alternatives"":[""all"",""all"",""all"",""all""],""attributes"":[""m"",""p"",""m"",""p""]}","[{""x"":1313,""y"":1203,""t"":0},{""x"":1313,""y"":1104,""t"":367},{""x"":1186,""y"":1085,""t"":739},{""x"":1119,""y"":850,""t"":1107},{""x"":1006,""y"":890,""t"":1473},{""x"":1135,""y"":933,""t"":1844},{""x"":1234,""y"":758,""t"":2211},{""x"":1355,""y"":721,""t"":2575},{""x"":1313,""y"":540,""t"":2947},{""x"":1304,""y"":413,""t"":3316},{""x"":1201,""y"":324,""t"":3687},{""x"":1184,""y"":349,""t"":4095},{""x"":1138,""y"":364,""t"":4476},{""x"":1075,""y"":273,""t"":4843},{""x"":1202,""y"":433,""t"":5223},{""x"":1209,""y"":517,""t"":5600},{""x"":1234,""y"":573,""t"":5964},{""x"":1232,""y"":666,""t"":6341},{""x"":1164,""y"":731,""t"":6710},{""x"":1173,""y"":635,""t"":7086},{""x"":1172,""y"":596,""t"":7453},{""x"":1206,""y"":408,""t"":7817}]",0,0.9021880600675942,0.09781193993240582,wa_b-last_b-longer,0
125-attributes,0,67,exp_43,1.0,369.0999999977648,0.81,0.48,1.6999999999999995,7.9,higher_p,higher_m,0,1,attributes,1.0,True,1.3769999999999998,3.792,-2.415,-2.2283544163938904,0.5,0.5,0.6,0.4,0.0,0.0,higher_p,higher_p,False,"{""durations"":[1000,1500,1000,1500],""alternatives"":[""all"",""all"",""all"",""all""],""attributes"":[""m"",""p"",""m"",""p""]}","[{""x"":1080,""y"":366,""t"":0},{""x"":1090,""y"":395,""t"":367},{""x"":1075,""y"":385,""t"":734},{""x"":996,""y"":413,""t"":1108},{""x"":1074,""y"":422,""t"":1473},{""x"":1085,""y"":389,""t"":1839},{""x"":1052,""y"":514,""t"":2219},{""x"":994,""y"":600,""t"":2595},{""x"":855,""y"":649,""t"":2966},{""x"":805,""y"":513,""t"":3342},{""x"":1000,""y"":491,""t"":3707},{""x"":1005,""y"":524,""t"":4073},{""x"":1136,""y"":450,""t"":4447},{""x"":1169,""y"":491,""t"":4819},{""x"":1258,""y"":495,""t"":5185},{""x"":1277,""y"":646,""t"":5550},{""x"":1297,""y"":655,""t"":5914},{""x"":1347,""y"":679,""t"":6290},{""x"":1247,""y"":510,""t"":6657},{""x"":1162,""y"":484,""t"":7027},{""x"":1105,""y"":535,""t"":7400},{""x"":1139,""y"":526,""t"":7764}]",0,0.5977660777409372,0.4022339222590628,wa_b-last_b-longer,0
125-attributes,1,70,exp_111,0.0,377.5,0.78,0.4,2.1,3.0,higher_p,higher_m,0,1,attributes,1.0,True,1.638,1.2000000000000002,0.4379999999999999,0.7081329507986126,0.5,0.5,0.4,0.6,1.0,1.0,higher_m,higher_m,True,"{""durations"":[1000,1500,1000,1500],""alternatives"":[""all"",""all"",""all"",""all""],""attributes"":[""p"",""m"",""p"",""m""]}","[{""x"":950,""y"":763,""t"":0},{""x"":1063,""y"":738,""t"":386},{""x"":1048,""y"":656,""t"":767},{""x"":1021,""y"":661,""t"":1151},{""x"":993,""y"":518,""t"":1524},{""x"":1077,""y"":423,""t"":1902},{""x"":1213,""y"":342,""t"":2275},{""x"":1100,""y"":309,""t"":2664},{""x"":1180,""y"":386,""t"":3063},{""x"":1162,""y"":518,""t"":3439},{""x"":1042,""y"":557,""t"":3817},{""x"":960,""y"":582,""t"":4188},{""x"":906,""y"":570,""t"":4564},{""x"":1051,""y"":594,""t"":4952},{""x"":1069,""y"":567,""t"":5326},{""x"":1137,""y"":518,""t"":5699},{""x"":1224,""y"":509,""t"":6071},{""x"":1310,""y"":569,""t"":6454},{""x"":1267,""y"":522,""t"":6832},{""x"":1234,""y"":573,""t"":7208}]",0,0.9996968032076275,0.00030319679237250863,wa_b-last_b-longer,0
125-attributes,1,71,exp_103,0.0,375.5999999977648,0.58,0.38,4.9,6.9,higher_p,higher_m,0,1,attributes,1.0,True,2.842,2.6220000000000003,0.2199999999999997,0.4837536146444008,0.5,0.5,0.4,0.6,1.0,1.0,higher_m,higher_m,True,"{""durations"":[1000,1500,1000,1500],""alternatives"":[""all"",""all"",""all"",""all""],""attributes"":[""p"",""m"",""p"",""m""]}","[{""x"":1086,""y"":737,""t"":0},{""x"":1055,""y"":688,""t"":385},{""x"":1209,""y"":676,""t"":764},{""x"":1079,""y"":724,""t"":1143},{""x"":1203,""y"":652,""t"":1519},{""x"":1026,""y"":591,""t"":1898},{""x"":1094,""y"":556,""t"":2277},{""x"":1173,""y"":517,""t"":2650},{""x"":1258,""y"":580,""t"":3031},{""x"":1352,""y"":614,""t"":3411},{""x"":1289,""y"":708,""t"":3801},{""x"":1174,""y"":767,""t"":4183},{""x"":1045,""y"":692,""t"":4570},{""x"":997,""y"":748,""t"":4951},{""x"":1033,""y"":818,""t"":5325},{""x"":947,""y"":710,""t"":5703},{""x"":916,""y"":677,""t"":6077},{""x"":873,""y"":624,""t"":6460},{""x"":932,""y"":593,""t"":6838},{""x"":881,""y"":546,""t"":7211},{""x"":1081,""y"":478,""t"":7583}]",0,0.8873766651760664,0.11262333482393369,wa_b-last_b-longer,0
125-attributes,1,72,exp_51,0.0,377.1999999992549,0.49,0.32,6.9,8.2,higher_p,higher_m,0,1,attributes,1.0,True,3.381,2.624,0.7570000000000006,1.0364678509508771,0.5,0.5,0.6,0.4,0.0,0.0,higher_p,higher_p,True,"{""durations"":[1000,1500,1000,1500],""alternatives"":[""all"",""all"",""all"",""all""],""attributes"":[""m"",""p"",""m"",""p""]}","[{""x"":1124,""y"":596,""t"":0},{""x"":1206,""y"":617,""t"":376},{""x"":1105,""y"":531,""t"":758},{""x"":1104,""y"":469,""t"":1135},{""x"":952,""y"":359,""t"":1511},{""x"":1036,""y"":412,""t"":1892},{""x"":976,""y"":461,""t"":2272},{""x"":1025,""y"":541,""t"":2646},{""x"":1018,""y"":631,""t"":3025},{""x"":943,""y"":622,""t"":3404},{""x"":808,""y"":536,""t"":3780},{""x"":832,""y"":496,""t"":4156},{""x"":859,""y"":565,""t"":4535},{""x"":865,""y"":657,""t"":4910},{""x"":989,""y"":707,""t"":5297},{""x"":1074,""y"":590,""t"":5675},{""x"":1043,""y"":688,""t"":6048},{""x"":988,""y"":747,""t"":6423},{""x"":980,""y"":655,""t"":6802},{""x"":1044,""y"":603,""t"":7176},{""x"":1034,""y"":604,""t"":7556}]",0,0.9478116950844461,0.05218830491555396,wa_b-last_b-longer,0
125-attributes,1,73,exp_33,0.0,378.5999999977648,0.79,0.7,2.0,3.2,higher_p,higher_m,0,1,attributes,1.0,True,1.58,2.24,-0.6599999999999997,-0.4219978340514987,0.5,0.5,0.6,0.4,0.0,1.0,higher_p,higher_m,True,"{""durations"":[1500,1000,1500,1000],""alternatives"":[""all"",""all"",""all"",""all""],""attributes"":[""p"",""m"",""p"",""m""]}","[{""x"":1033,""y"":518,""t"":0},{""x"":1099,""y"":455,""t"":383},{""x"":1023,""y"":524,""t"":759},{""x"":1163,""y"":582,""t"":1133},{""x"":1182,""y"":593,""t"":1519},{""x"":1300,""y"":622,""t"":1916},{""x"":1291,""y"":568,""t"":2303},{""x"":1365,""y"":539,""t"":2681},{""x"":1480,""y"":444,""t"":3066},{""x"":1554,""y"":436,""t"":3454},{""x"":1533,""y"":405,""t"":3841},{""x"":1357,""y"":375,""t"":4216},{""x"":1344,""y"":404,""t"":4591},{""x"":1287,""y"":403,""t"":4971},{""x"":1224,""y"":466,""t"":5355},{""x"":1228,""y"":371,""t"":5735},{""x"":1212,""y"":346,""t"":6110},{""x"":1080,""y"":330,""t"":6489},{""x"":1163,""y"":308,""t"":6864},{""x"":1151,""y"":391,""t"":7243},{""x"":1111,""y"":376,""t"":7622},{""x"":1041,""y"":472,""t"":7996}]",1,0.5856837994587046,0.4143162005412953,wa_b-last_b-longer,0
125-attributes,1,75,exp_13,0.0,376.8999999985099,0.7,0.29,1.7999999999999998,5.0,higher_p,higher_m,0,1,attributes,1.0,True,1.2599999999999998,1.45,-0.1900000000000001,0.0617557805929019,0.5,0.5,0.4,0.6,1.0,0.0,higher_m,higher_p,True,"{""durations"":[1500,1000,1500,1000],""alternatives"":[""all"",""all"",""all"",""all""],""attributes"":[""m"",""p"",""m"",""p""]}","[{""x"":1011,""y"":567,""t"":0},{""x"":944,""y"":510,""t"":383},{""x"":917,""y"":496,""t"":758},{""x"":852,""y"":463,""t"":1133},{""x"":912,""y"":457,""t"":1508},{""x"":1058,""y"":485,""t"":1889},{""x"":1045,""y"":447,""t"":2264},{""x"":947,""y"":482,""t"":2643},{""x"":1034,""y"":557,""t"":3016},{""x"":974,""y"":615,""t"":3400},{""x"":1053,""y"":542,""t"":3775},{""x"":1070,""y"":680,""t"":4154},{""x"":1025,""y"":642,""t"":4527},{""x"":1088,""y"":624,""t"":4907},{""x"":1263,""y"":543,""t"":5282},{""x"":1288,""y"":575,""t"":5662},{""x"":1286,""y"":606,""t"":6044},{""x"":1302,""y"":689,""t"":6419},{""x"":1279,""y"":755,""t"":6806},{""x"":1253,""y"":681,""t"":7184},{""x"":1257,""y"":642,""t"":7556},{""x"":1285,""y"":634,""t"":7963}]",0,0.9984075833804821,0.0015924166195179688,wa_b-last_b-longer,0
125-attributes,1,76,exp_119,0.0,377.6000000014901,0.49,0.22,4.2,7.9,higher_p,higher_m,0,1,attributes,1.0,True,2.058,1.738,0.3199999999999998,0.5866799156325714,0.5,0.5,0.4,0.6,1.0,1.0,higher_m,higher_m,True,"{""durations"":[1000,1500,1000,1500],""alternatives"":[""all"",""all"",""all"",""all""],""attributes"":[""p"",""m"",""p"",""m""]}","[{""x"":1033,""y"":631,""t"":0},{""x"":1025,""y"":640,""t"":379},{""x"":1065,""y"":654,""t"":752},{""x"":969,""y"":686,""t"":1134},{""x"":1068,""y"":617,""t"":1517},{""x"":1021,""y"":570,""t"":1888},{""x"":1085,""y"":526,""t"":2268},{""x"":1069,""y"":439,""t"":2649},{""x"":1114,""y"":509,""t"":3029},{""x"":1098,""y"":515,""t"":3411},{""x"":1192,""y"":537,""t"":3783},{""x"":1198,""y"":587,""t"":4161},{""x"":1291,""y"":625,""t"":4547},{""x"":1312,""y"":531,""t"":4924},{""x"":1269,""y"":519,""t"":5306},{""x"":1249,""y"":476,""t"":5678},{""x"":1079,""y"":492,""t"":6050},{""x"":953,""y"":482,""t"":6424},{""x"":937,""y"":486,""t"":6803},{""x"":945,""y"":463,""t"":7183},{""x"":972,""y"":538,""t"":7562}]",0,0.8268092486175502,0.1731907513824498,wa_b-last_b-longer,0
125-attributes,1,81,catch_11,1.0,386.30000000074506,0.18,0.58,1.6999999999999995,5.0,dominated,dominant,1,1,attributes,1.0,True,0.3059999999999999,2.9,-2.594,-2.412592495162716,0.5,0.5,0.5,0.5,,1.0,,dominant,True,"{""durations"":[1250,1250,1250,1250],""attributes"":[""p"",""m"",""p"",""m""],""alternatives"":[""all"",""all"",""all"",""all""]}","[{""x"":979,""y"":540,""t"":0},{""x"":947,""y"":526,""t"":382},{""x"":1057,""y"":651,""t"":767},{""x"":979,""y"":704,""t"":1149},{""x"":889,""y"":755,""t"":1531},{""x"":1032,""y"":725,""t"":1922},{""x"":1089,""y"":684,""t"":2304},{""x"":1123,""y"":665,""t"":2685},{""x"":1070,""y"":666,""t"":3060},{""x"":989,""y"":558,""t"":3436},{""x"":1043,""y"":542,""t"":3813},{""x"":948,""y"":592,""t"":4192},{""x"":928,""y"":585,""t"":4571},{""x"":876,""y"":642,""t"":4953},{""x"":876,""y"":559,""t"":5332},{""x"":844,""y"":505,""t"":5708},{""x"":740,""y"":425,""t"":6088},{""x"":817,""y"":444,""t"":6466},{""x"":830,""y"":524,""t"":6840},{""x"":843,""y"":425,""t"":7239},{""x"":845,""y"":441,""t"":7634},{""x"":957,""y"":407,""t"":8021},{""x"":1008,""y"":561,""t"":8401},{""x"":1016,""y"":538,""t"":8774}]",1,3.416870906094453e-07,0.9999996583129094,wa_b-last_b-longer,0
125-attributes,1,82,exp_5,0.0,758.5999999977648,0.79,0.49,5.300000000000001,8.3,higher_p,higher_m,0,1,attributes,1.0,True,4.187000000000001,4.067,0.120000000000001,0.3808273136562316,0.5,0.5,0.4,0.6,1.0,0.0,higher_m,higher_p,True,"{""durations"":[1500,1000,1500,1000],""alternatives"":[""all"",""all"",""all"",""all""],""attributes"":[""m"",""p"",""m"",""p""]}","[{""x"":1132,""y"":680,""t"":0},{""x"":1117,""y"":654,""t"":382},{""x"":1089,""y"":559,""t"":765},{""x"":1288,""y"":527,""t"":1140},{""x"":1340,""y"":404,""t"":1518},{""x"":1350,""y"":377,""t"":1894},{""x"":1240,""y"":401,""t"":2274},{""x"":1218,""y"":564,""t"":2656},{""x"":1106,""y"":687,""t"":3030},{""x"":1137,""y"":767,""t"":3410},{""x"":1188,""y"":673,""t"":3790},{""x"":1166,""y"":600,""t"":4168},{""x"":1107,""y"":475,""t"":4540},{""x"":1182,""y"":452,""t"":4913},{""x"":1167,""y"":483,""t"":5300},{""x"":1154,""y"":594,""t"":5706},{""x"":1081,""y"":618,""t"":6081},{""x"":1224,""y"":659,""t"":6456},{""x"":1084,""y"":606,""t"":6832},{""x"":1091,""y"":623,""t"":7213},{""x"":1036,""y"":591,""t"":7591},{""x"":975,""y"":572,""t"":7964},{""x"":1087,""y"":664,""t"":8345}]",0,0.980536884566433,0.01946311543356715,wa_b-last_b-longer,0
125-attributes,1,86,exp_7,0.0,756.3000000007451,0.79,0.49,5.300000000000001,8.3,higher_p,higher_m,0,1,attributes,1.0,True,4.187000000000001,4.067,0.120000000000001,0.3808273136562316,0.5,0.5,0.4,0.6,1.0,1.0,higher_m,higher_m,True,"{""durations"":[1000,1500,1000,1500],""alternatives"":[""all"",""all"",""all"",""all""],""attributes"":[""p"",""m"",""p"",""m""]}","[{""x"":1199,""y"":568,""t"":0},{""x"":1082,""y"":636,""t"":408},{""x"":1037,""y"":660,""t"":781},{""x"":953,""y"":723,""t"":1161},{""x"":1008,""y"":713,""t"":1540},{""x"":847,""y"":590,""t"":1911},{""x"":970,""y"":515,""t"":2290},{""x"":1099,""y"":475,""t"":2668},{""x"":1132,""y"":521,""t"":3043},{""x"":1124,""y"":571,""t"":3424},{""x"":1241,""y"":651,""t"":3795},{""x"":1226,""y"":717,""t"":4171},{""x"":1264,""y"":708,""t"":4553},{""x"":1293,""y"":665,""t"":4926},{""x"":1349,""y"":504,""t"":5304},{""x"":1185,""y"":321,""t"":5678},{""x"":1309,""y"":284,""t"":6053},{""x"":1359,""y"":348,""t"":6430},{""x"":1284,""y"":345,""t"":6811},{""x"":1300,""y"":301,""t"":7186},{""x"":1294,""y"":438,""t"":7567},{""x"":1362,""y"":459,""t"":7940}]",0,0.9630656616796327,0.03693433832036734,wa_b-last_b-longer,0
125-attributes,1,87,catch_13,1.0,377.5,0.21,0.52,1.7999999999999998,2.8,dominated,dominant,1,1,attributes,1.0,True,0.3779999999999999,1.456,-1.078,-0.8522297721820516,0.5,0.5,0.5,0.5,,1.0,,dominant,True,"{""durations"":[1250,1250,1250,1250],""attributes"":[""p"",""m"",""p"",""m""],""alternatives"":[""all"",""all"",""all"",""all""]}","[{""x"":1191,""y"":463,""t"":0},{""x"":1209,""y"":432,""t"":380},{""x"":1195,""y"":442,""t"":755},{""x"":1074,""y"":516,""t"":1146},{""x"":1237,""y"":511,""t"":1531},{""x"":1340,""y"":480,""t"":1915},{""x"":1102,""y"":413,""t"":2309},{""x"":1150,""y"":405,""t"":2697},{""x"":1034,""y"":484,""t"":3080},{""x"":942,""y"":480,""t"":3455},{""x"":881,""y"":546,""t"":3834},{""x"":995,""y"":578,""t"":4209},{""x"":989,""y"":660,""t"":4587},{""x"":915,""y"":644,""t"":4964},{""x"":926,""y"":814,""t"":5343},{""x"":891,""y"":790,""t"":5717},{""x"":932,""y"":715,""t"":6091},{""x"":1060,""y"":542,""t"":6468},{""x"":1064,""y"":488,""t"":6854},{""x"":1031,""y"":577,""t"":7235},{""x"":990,""y"":520,""t"":7621},{""x"":1006,""y"":556,""t"":7999},{""x"":1063,""y"":627,""t"":8375},{""x"":1083,""y"":607,""t"":8749}]",1,7.276393648041917e-05,0.9999272360635195,wa_b-last_b-longer,0
125-attributes,1,88,exp_87,1.0,382.0999999977648,0.61,0.29,2.2,8.1,higher_p,higher_m,0,1,attributes,1.0,True,1.342,2.349,-1.0069999999999997,-0.7791520984804502,0.5,0.5,0.4,0.6,1.0,1.0,higher_m,higher_m,False,"{""durations"":[1000,1500,1000,1500],""alternatives"":[""all"",""all"",""all"",""all""],""attributes"":[""p"",""m"",""p"",""m""]}","[{""x"":1195,""y"":511,""t"":0},{""x"":1220,""y"":480,""t"":381},{""x"":1287,""y"":504,""t"":757},{""x"":1182,""y"":493,""t"":1137},{""x"":1288,""y"":510,""t"":1518},{""x"":1181,""y"":533,""t"":1891},{""x"":922,""y"":435,""t"":2267},{""x"":1029,""y"":429,""t"":2640},{""x"":1103,""y"":386,""t"":3021},{""x"":1057,""y"":383,""t"":3401},{""x"":1166,""y"":443,""t"":3774},{""x"":1238,""y"":496,""t"":4146},{""x"":1271,""y"":557,""t"":4530},{""x"":1043,""y"":521,""t"":4908},{""x"":976,""y"":528,""t"":5284},{""x"":1089,""y"":514,""t"":5666},{""x"":1117,""y"":473,""t"":6038},{""x"":1134,""y"":471,""t"":6424},{""x"":1044,""y"":414,""t"":6808},{""x"":996,""y"":560,""t"":7194},{""x"":1085,""y"":537,""t"":7572}]",1,0.4714431563638934,0.5285568436361066,wa_b-last_b-longer,0
125-attributes,1,89,catch_17,1.0,384.0,0.4,0.68,2.2,3.0,dominated,dominant,1,1,attributes,1.0,True,0.8800000000000001,2.04,-1.16,-0.9366293389923512,0.5,0.5,0.5,0.5,,1.0,,dominant,True,"{""durations"":[1250,1250,1250,1250],""attributes"":[""p"",""m"",""p"",""m""],""alternatives"":[""all"",""all"",""all"",""all""]}","[{""x"":1162,""y"":564,""t"":0},{""x"":1185,""y"":499,""t"":384},{""x"":1204,""y"":545,""t"":762},{""x"":1090,""y"":591,""t"":1151},{""x"":1136,""y"":585,""t"":1532},{""x"":1106,""y"":641,""t"":1915},{""x"":1156,""y"":566,""t"":2290},{""x"":1151,""y"":626,""t"":2667},{""x"":1190,""y"":633,""t"":3046},{""x"":1252,""y"":582,""t"":3426},{""x"":1162,""y"":549,""t"":3807},{""x"":1099,""y"":679,""t"":4184},{""x"":1210,""y"":680,""t"":4559},{""x"":1137,""y"":741,""t"":4939},{""x"":1019,""y"":684,""t"":5317},{""x"":929,""y"":649,""t"":5695},{""x"":865,""y"":543,""t"":6096},{""x"":1038,""y"":485,""t"":6490},{""x"":868,""y"":399,""t"":6863},{""x"":857,""y"":318,""t"":7242},{""x"":769,""y"":211,""t"":7619},{""x"":782,""y"":227,""t"":8003},{""x"":830,""y"":280,""t"":8377},{""x"":905,""y"":337,""t"":8760}]",1,0.00020346690576447226,0.9997965330942356,wa_b-last_b-longer,0
125-attributes,1,90,exp_41,1.0,377.0,0.81,0.48,1.6999999999999995,7.9,higher_p,higher_m,0,1,attributes,1.0,True,1.3769999999999998,3.792,-2.415,-2.2283544163938904,0.5,0.5,0.6,0.4,0.0,1.0,higher_p,higher_m,False,"{""durations"":[1500,1000,1500,1000],""alternatives"":[""all"",""all"",""all"",""all""],""attributes"":[""p"",""m"",""p"",""m""]}","[{""x"":1107,""y"":629,""t"":0},{""x"":1149,""y"":657,""t"":381},{""x"":1065,""y"":635,""t"":760},{""x"":1157,""y"":658,""t"":1140},{""x"":1191,""y"":655,""t"":1518},{""x"":1113,""y"":597,""t"":1901},{""x"":1133,""y"":534,""t"":2282},{""x"":1065,""y"":507,""t"":2657},{""x"":1144,""y"":458,""t"":3032},{""x"":1217,""y"":438,""t"":3414},{""x"":1283,""y"":435,""t"":3796},{""x"":1222,""y"":518,""t"":4176},{""x"":1308,""y"":560,""t"":4551},{""x"":1304,""y"":522,""t"":4925},{""x"":1166,""y"":572,""t"":5312},{""x"":1026,""y"":502,""t"":5695},{""x"":1076,""y"":595,""t"":6071},{""x"":1086,""y"":554,""t"":6446},{""x"":1079,""y"":539,""t"":6828},{""x"":1052,""y"":419,""t"":7207},{""x"":1149,""y"":443,""t"":7589},{""x"":1170,""y"":532,""t"":7967}]",1,0.4347655895795055,0.5652344104204946,wa_b-last_b-longer,0
125-attributes,1,91,exp_75,0.0,376.6000000014901,0.8,0.2,4.0,6.799999999999999,higher_p,higher_m,0,1,attributes,1.0,True,3.2,1.36,1.8400000000000003,2.151159690652763,0.5,0.5,0.6,0.4,0.0,0.0,higher_p,higher_p,True,"{""durations"":[1000,1500,1000,1500],""alternatives"":[""all"",""all"",""all"",""all""],""attributes"":[""m"",""p"",""m"",""p""]}","[{""x"":1132,""y"":537,""t"":0},{""x"":1104,""y"":570,""t"":382},{""x"":1153,""y"":466,""t"":755},{""x"":1326,""y"":397,""t"":1136},{""x"":1239,""y"":472,""t"":1518},{""x"":1293,""y"":492,""t"":1897},{""x"":1142,""y"":501,""t"":2273},{""x"":1224,""y"":623,""t"":2656},{""x"":1238,""y"":664,""t"":3037},{""x"":1225,""y"":575,""t"":3421},{""x"":1181,""y"":589,""t"":3801},{""x"":1255,""y"":633,""t"":4175},{""x"":1297,""y"":669,""t"":4553},{""x"":1388,""y"":678,""t"":4934},{""x"":1375,""y"":655,""t"":5314},{""x"":1400,""y"":619,""t"":5693},{""x"":1404,""y"":617,""t"":6068},{""x"":1385,""y"":592,""t"":6448},{""x"":1338,""y"":527,""t"":6825},{""x"":1289,""y"":558,""t"":7210},{""x"":1330,""y"":470,""t"":7596}]",0,0.9999924497557644,7.55024423552672e-06,wa_b-last_b-longer,0
125-attributes,1,94,exp_21,0.0,755.0,0.28,0.17,4.3,8.3,higher_p,higher_m,0,1,attributes,1.0,True,1.204,1.4110000000000005,-0.2070000000000003,0.0442583094249128,0.5,0.5,0.4,0.6,1.0,0.0,higher_m,higher_p,True,"{""durations"":[1500,1000,1500,1000],""alternatives"":[""all"",""all"",""all"",""all""],""attributes"":[""m"",""p"",""m"",""p""]}","[{""x"":1243,""y"":672,""t"":0},{""x"":1208,""y"":715,""t"":382},{""x"":1151,""y"":609,""t"":758},{""x"":1094,""y"":546,""t"":1136},{""x"":1069,""y"":481,""t"":1515},{""x"":1175,""y"":398,""t"":1899},{""x"":1285,""y"":362,""t"":2281},{""x"":1364,""y"":390,""t"":2654},{""x"":1232,""y"":400,""t"":3028},{""x"":1271,""y"":402,""t"":3410},{""x"":1162,""y"":452,""t"":3789},{""x"":1182,""y"":568,""t"":4167},{""x"":1180,""y"":514,""t"":4539},{""x"":1178,""y"":465,""t"":4913},{""x"":1182,""y"":580,""t"":5295},{""x"":1203,""y"":611,""t"":5676},{""x"":1115,""y"":675,""t"":6054},{""x"":1053,""y"":702,""t"":6428},{""x"":1197,""y"":754,""t"":6807},{""x"":1177,""y"":811,""t"":7180},{""x"":1149,""y"":764,""t"":7563},{""x"":1128,""y"":717,""t"":7935},{""x"":1271,""y"":618,""t"":8312}]",0,0.09650275948084754,0.9034972405191525,wa_b-last_b-longer,0
125-attributes,1,95,exp_61,0.0,385.5,0.41,0.21,1.7999999999999998,6.2,higher_p,higher_m,0,1,attributes,1.0,True,0.7379999999999999,1.302,-0.5640000000000002,-0.3231885851028555,0.5,0.5,0.4,0.6,1.0,0.0,higher_m,higher_p,True,"{""durations"":[1500,1000,1500,1000],""alternatives"":[""all"",""all"",""all"",""all""],""attributes"":[""m"",""p"",""m"",""p""]}","[{""x"":1260,""y"":513,""t"":0},{""x"":1224,""y"":499,""t"":381},{""x"":1291,""y"":435,""t"":758},{""x"":1367,""y"":577,""t"":1139},{""x"":1452,""y"":541,""t"":1512},{""x"":1423,""y"":473,""t"":1899},{""x"":1381,""y"":507,""t"":2283},{""x"":1447,""y"":640,""t"":2659},{""x"":1362,""y"":724,""t"":3034},{""x"":1450,""y"":742,""t"":3417},{""x"":1420,""y"":619,""t"":3798},{""x"":1312,""y"":503,""t"":4179},{""x"":1297,""y"":422,""t"":4553},{""x"":1205,""y"":415,""t"":4930},{""x"":1121,""y"":454,""t"":5313},{""x"":1113,""y"":495,""t"":5695},{""x"":1182,""y"":576,""t"":6070},{""x"":1165,""y"":695,""t"":6450},{""x"":1295,""y"":681,""t"":6833},{""x"":1204,""y"":624,""t"":7214},{""x"":1089,""y"":601,""t"":7588},{""x"":951,""y"":849,""t"":7961}]",1,0.3798388575317431,0.6201611424682569,wa_b-last_b-longer,0
125-attributes,1,97,exp_85,0.0,378.1999999992549,0.61,0.29,2.2,8.1,higher_p,higher_m,0,1,attributes,1.0,True,1.342,2.349,-1.0069999999999997,-0.7791520984804502,0.5,0.5,0.4,0.6,1.0,0.0,higher_m,higher_p,True,"{""durations"":[1500,1000,1500,1000],""alternatives"":[""all"",""all"",""all"",""all""],""attributes"":[""m"",""p"",""m"",""p""]}","[{""x"":985,""y"":635,""t"":0},{""x"":1006,""y"":594,""t"":384},{""x"":1030,""y"":544,""t"":762},{""x"":1155,""y"":485,""t"":1138},{""x"":1122,""y"":503,""t"":1517},{""x"":1135,""y"":497,""t"":1902},{""x"":1139,""y"":560,""t"":2289},{""x"":1230,""y"":624,""t"":2663},{""x"":1195,""y"":628,""t"":3046},{""x"":1229,""y"":631,""t"":3428},{""x"":1245,""y"":518,""t"":3809},{""x"":1179,""y"":499,""t"":4189},{""x"":1193,""y"":423,""t"":4564},{""x"":1252,""y"":437,""t"":4938},{""x"":1349,""y"":495,""t"":5319},{""x"":1313,""y"":531,""t"":5699},{""x"":1270,""y"":616,""t"":6079},{""x"":1300,""y"":731,""t"":6450},{""x"":1278,""y"":699,""t"":6830},{""x"":1262,""y"":635,""t"":7210},{""x"":1160,""y"":740,""t"":7600},{""x"":1143,""y"":755,""t"":7996}]",0,0.6327999137689524,0.36720008623104766,wa_b-last_b-longer,0
125-attributes,1,100,exp_17,0.0,381.6999999992549,0.28,0.17,4.3,8.3,higher_p,higher_m,0,1,attributes,1.0,True,1.204,1.4110000000000005,-0.2070000000000003,0.0442583094249128,0.5,0.5,0.6,0.4,0.0,1.0,higher_p,higher_m,True,"{""durations"":[1500,1000,1500,1000],""alternatives"":[""all"",""all"",""all"",""all""],""attributes"":[""p"",""m"",""p"",""m""]}","[{""x"":1229,""y"":570,""t"":0},{""x"":1226,""y"":593,""t"":385},{""x"":1152,""y"":670,""t"":764},{""x"":1190,""y"":655,""t"":1164},{""x"":1130,""y"":648,""t"":1553},{""x"":1090,""y"":705,""t"":1935},{""x"":1094,""y"":620,""t"":2315},{""x"":1076,""y"":661,""t"":2689},{""x"":1131,""y"":641,""t"":3072},{""x"":1009,""y"":594,""t"":3453},{""x"":931,""y"":573,""t"":3833},{""x"":1029,""y"":564,""t"":4206},{""x"":1175,""y"":631,""t"":4580},{""x"":1231,""y"":695,""t"":4967},{""x"":1195,""y"":650,""t"":5351},{""x"":1094,""y"":555,""t"":5733},{""x"":1078,""y"":474,""t"":6108},{""x"":1187,""y"":594,""t"":6492},{""x"":1257,""y"":606,""t"":6868},{""x"":1198,""y"":584,""t"":7250},{""x"":1101,""y"":539,""t"":7632},{""x"":1019,""y"":544,""t"":8014}]",1,0.05238619451239761,0.9476138054876024,wa_b-last_b-longer,0
125-attributes,1,102,exp_79,0.0,376.6000000014901,0.8,0.2,4.0,6.799999999999999,higher_p,higher_m,0,1,attributes,1.0,True,3.2,1.36,1.8400000000000003,2.151159690652763,0.5,0.5,0.4,0.6,1.0,1.0,higher_m,higher_m,True,"{""durations"":[1000,1500,1000,1500],""alternatives"":[""all"",""all"",""all"",""all""],""attributes"":[""p"",""m"",""p"",""m""]}","[{""x"":1079,""y"":719,""t"":0},{""x"":1072,""y"":681,""t"":383},{""x"":974,""y"":657,""t"":777},{""x"":821,""y"":663,""t"":1162},{""x"":822,""y"":612,""t"":1543},{""x"":702,""y"":527,""t"":1924},{""x"":809,""y"":540,""t"":2303},{""x"":779,""y"":482,""t"":2677},{""x"":853,""y"":543,""t"":3053},{""x"":944,""y"":546,""t"":3434},{""x"":837,""y"":551,""t"":3815},{""x"":839,""y"":557,""t"":4198},{""x"":871,""y"":632,""t"":4571},{""x"":802,""y"":600,""t"":4949},{""x"":680,""y"":473,""t"":5330},{""x"":736,""y"":454,""t"":5708},{""x"":772,""y"":501,""t"":6087},{""x"":759,""y"":490,""t"":6461},{""x"":724,""y"":498,""t"":6838},{""x"":847,""y"":431,""t"":7216},{""x"":913,""y"":415,""t"":7589},{""x"":885,""y"":326,""t"":7974}]",0,0.9999854124446389,1.458755536118099e-05,wa_b-last_b-longer,0
125-attributes,1,103,exp_39,1.0,382.7000000029802,0.79,0.7,2.0,3.2,higher_p,higher_m,0,1,attributes,1.0,True,1.58,2.24,-0.6599999999999997,-0.4219978340514987,0.5,0.5,0.4,0.6,1.0,1.0,higher_m,higher_m,False,"{""durations"":[1000,1500,1000,1500],""alternatives"":[""all"",""all"",""all"",""all""],""attributes"":[""p"",""m"",""p"",""m""]}","[{""x"":981,""y"":394,""t"":0},{""x"":1012,""y"":411,""t"":383},{""x"":1074,""y"":434,""t"":761},{""x"":1050,""y"":427,""t"":1138},{""x"":1183,""y"":414,""t"":1519},{""x"":1076,""y"":365,""t"":1899},{""x"":1102,""y"":327,""t"":2279},{""x"":1110,""y"":376,""t"":2655},{""x"":1152,""y"":414,""t"":3041},{""x"":1217,""y"":421,""t"":3421},{""x"":1225,""y"":411,""t"":3802},{""x"":1068,""y"":439,""t"":4181},{""x"":972,""y"":381,""t"":4558},{""x"":1003,""y"":370,""t"":4939},{""x"":933,""y"":403,""t"":5318},{""x"":842,""y"":296,""t"":5697},{""x"":933,""y"":311,""t"":6079},{""x"":863,""y"":328,""t"":6457},{""x"":891,""y"":408,""t"":6838},{""x"":889,""y"":477,""t"":7212},{""x"":902,""y"":560,""t"":7591}]",1,0.5856845974950644,0.4143154025049355,wa_b-last_b-longer,0
125-attributes,1,104,exp_83,0.0,384.0,0.61,0.29,2.2,8.1,higher_p,higher_m,0,1,attributes,1.0,True,1.342,2.349,-1.0069999999999997,-0.7791520984804502,0.5,0.5,0.6,0.4,0.0,0.0,higher_p,higher_p,True,"{""durations"":[1000,1500,1000,1500],""alternatives"":[""all"",""all"",""all"",""all""],""attributes"":[""m"",""p"",""m"",""p""]}","[{""x"":831,""y"":619,""t"":0},{""x"":830,""y"":594,""t"":384},{""x"":823,""y"":539,""t"":760},{""x"":801,""y"":487,""t"":1136},{""x"":917,""y"":515,""t"":1529},{""x"":864,""y"":531,""t"":1910},{""x"":861,""y"":529,""t"":2293},{""x"":1027,""y"":599,""t"":2668},{""x"":1007,""y"":586,""t"":3042},{""x"":1099,""y"":468,""t"":3423},{""x"":1209,""y"":372,""t"":3811},{""x"":1140,""y"":160,""t"":4210},{""x"":1232,""y"":137,""t"":4588},{""x"":1244,""y"":93,""t"":4967},{""x"":1260,""y"":176,""t"":5348},{""x"":1249,""y"":233,""t"":5727},{""x"":1339,""y"":399,""t"":6100},{""x"":1390,""y"":473,""t"":6476},{""x"":1305,""y"":427,""t"":6858},{""x"":1196,""y"":589,""t"":7244},{""x"":1149,""y"":565,""t"":7625},{""x"":1313,""y"":606,""t"":7998}]",0,0.6327991495865188,0.3672008504134813,wa_b-last_b-longer,0
125-attributes,1,105,exp_49,0.0,819.9000000022352,0.49,0.32,6.9,8.2,higher_p,higher_m,0,1,attributes,1.0,True,3.381,2.624,0.7570000000000006,1.0364678509508771,0.5,0.5,0.6,0.4,0.0,1.0,higher_p,higher_m,True,"{""durations"":[1500,1000,1500,1000],""alternatives"":[""all"",""all"",""all"",""all""],""attributes"":[""p"",""m"",""p"",""m""]}","[{""x"":1188,""y"":773,""t"":0},{""x"":1157,""y"":739,""t"":400},{""x"":1044,""y"":743,""t"":785},{""x"":973,""y"":768,""t"":1167},{""x"":858,""y"":735,""t"":1548},{""x"":1046,""y"":829,""t"":1929},{""x"":950,""y"":788,""t"":2313},{""x"":1006,""y"":733,""t"":2695},{""x"":998,""y"":686,""t"":3074},{""x"":901,""y"":698,""t"":3455},{""x"":811,""y"":635,""t"":3839},{""x"":962,""y"":676,""t"":4218},{""x"":1009,""y"":730,""t"":4600},{""x"":1062,""y"":657,""t"":4979},{""x"":1111,""y"":634,""t"":5369},{""x"":1260,""y"":612,""t"":5752},{""x"":1303,""y"":661,""t"":6131},{""x"":1468,""y"":501,""t"":6511},{""x"":1330,""y"":475,""t"":6994},{""x"":1267,""y"":399,""t"":7418},{""x"":1178,""y"":412,""t"":7815},{""x"":1103,""y"":409,""t"":8196},{""x"":1064,""y"":535,""t"":8569}]",0,0.903845156684619,0.0961548433153811,wa_b-last_b-longer,0
125-attributes,1,106,exp_63,1.0,382.5,0.41,0.21,1.7999999999999998,6.2,higher_p,higher_m,0,1,attributes,1.0,True,0.7379999999999999,1.302,-0.5640000000000002,-0.3231885851028555,0.5,0.5,0.4,0.6,1.0,1.0,higher_m,higher_m,False,"{""durations"":[1000,1500,1000,1500],""alternatives"":[""all"",""all"",""all"",""all""],""attributes"":[""p"",""m"",""p"",""m""]}","[{""x"":924,""y"":684,""t"":0},{""x"":948,""y"":702,""t"":381},{""x"":1060,""y"":735,""t"":758},{""x"":1212,""y"":669,""t"":1138},{""x"":1329,""y"":658,""t"":1517},{""x"":1394,""y"":736,""t"":1897},{""x"":1490,""y"":742,""t"":2273},{""x"":1487,""y"":832,""t"":2648},{""x"":1462,""y"":780,""t"":3039},{""x"":1392,""y"":844,""t"":3420},{""x"":1445,""y"":852,""t"":3800},{""x"":1333,""y"":874,""t"":4176},{""x"":1361,""y"":991,""t"":4553},{""x"":1299,""y"":926,""t"":4933},{""x"":1117,""y"":870,""t"":5313},{""x"":1114,""y"":819,""t"":5691},{""x"":1086,""y"":778,""t"":6065},{""x"":1143,""y"":712,""t"":6444},{""x"":1093,""y"":713,""t"":6829},{""x"":1097,""y"":677,""t"":7210},{""x"":1069,""y"":676,""t"":7591}]",0,0.2407025873179246,0.7592974126820755,wa_b-last_b-longer,0
125-attributes,1,111,catch_15,1.0,378.5999999977648,0.22,0.49,3.0,4.9,dominated,dominant,1,1,attributes,1.0,True,0.66,2.401,-1.741,-1.5346311477336216,0.5,0.5,0.5,0.5,,1.0,,dominant,True,"{""durations"":[1250,1250,1250,1250],""attributes"":[""p"",""m"",""p"",""m""],""alternatives"":[""all"",""all"",""all"",""all""]}","[{""x"":1005,""y"":795,""t"":0},{""x"":1021,""y"":750,""t"":377},{""x"":1187,""y"":755,""t"":758},{""x"":1030,""y"":744,""t"":1133},{""x"":1088,""y"":751,""t"":1509},{""x"":1118,""y"":593,""t"":1892},{""x"":996,""y"":549,""t"":2272},{""x"":936,""y"":378,""t"":2652},{""x"":962,""y"":467,""t"":3027},{""x"":813,""y"":527,""t"":3402},{""x"":974,""y"":517,""t"":3783},{""x"":1046,""y"":526,""t"":4164},{""x"":1089,""y"":570,""t"":4538},{""x"":1016,""y"":641,""t"":4914},{""x"":900,""y"":705,""t"":5294},{""x"":812,""y"":682,""t"":5676},{""x"":860,""y"":569,""t"":6057},{""x"":829,""y"":534,""t"":6447},{""x"":784,""y"":528,""t"":6839},{""x"":787,""y"":532,""t"":7222},{""x"":787,""y"":523,""t"":7604},{""x"":788,""y"":524,""t"":7985},{""x"":990,""y"":528,""t"":8363},{""x"":1067,""y"":582,""t"":8744}]",1,6.01325296387576e-05,0.9999398674703613,wa_b-last_b-longer,0
125-attributes,1,112,exp_77,0.0,765.9000000022352,0.8,0.2,4.0,6.799999999999999,higher_p,higher_m,0,1,attributes,1.0,True,3.2,1.36,1.8400000000000003,2.151159690652763,0.5,0.5,0.4,0.6,1.0,0.0,higher_m,higher_p,True,"{""durations"":[1500,1000,1500,1000],""alternatives"":[""all"",""all"",""all"",""all""],""attributes"":[""m"",""p"",""m"",""p""]}","[{""x"":1210,""y"":549,""t"":0},{""x"":1121,""y"":545,""t"":382},{""x"":1157,""y"":524,""t"":759},{""x"":1243,""y"":559,""t"":1136},{""x"":1095,""y"":647,""t"":1514},{""x"":1015,""y"":614,""t"":1898},{""x"":1130,""y"":633,""t"":2279},{""x"":1089,""y"":619,""t"":2651},{""x"":1131,""y"":663,""t"":3029},{""x"":1231,""y"":675,""t"":3411},{""x"":1217,""y"":600,""t"":3794},{""x"":1069,""y"":522,""t"":4176},{""x"":1131,""y"":613,""t"":4549},{""x"":1119,""y"":563,""t"":4925},{""x"":948,""y"":615,""t"":5309},{""x"":847,""y"":640,""t"":5690},{""x"":991,""y"":582,""t"":6071},{""x"":1057,""y"":516,""t"":6445},{""x"":1220,""y"":530,""t"":6824},{""x"":1288,""y"":521,""t"":7206},{""x"":1269,""y"":485,""t"":7590},{""x"":1285,""y"":602,""t"":7971},{""x"":1260,""y"":610,""t"":8344}]",0,0.9999924497805949,7.550219405071476e-06,wa_b-last_b-longer,0
125-attributes,1,117,exp_31,0.0,385.5,0.3,0.17,2.0,3.0,higher_p,higher_m,0,1,attributes,1.0,True,0.6,0.51,0.0899999999999999,0.3499494233597794,0.5,0.5,0.4,0.6,1.0,1.0,higher_m,higher_m,True,"{""durations"":[1000,1500,1000,1500],""alternatives"":[""all"",""all"",""all"",""all""],""attributes"":[""p"",""m"",""p"",""m""]}","[{""x"":950,""y"":691,""t"":0},{""x"":995,""y"":645,""t"":382},{""x"":1036,""y"":668,""t"":757},{""x"":968,""y"":707,""t"":1149},{""x"":1015,""y"":642,""t"":1546},{""x"":869,""y"":539,""t"":1928},{""x"":953,""y"":482,""t"":2300},{""x"":1022,""y"":391,""t"":2676},{""x"":1006,""y"":357,""t"":3062},{""x"":1054,""y"":395,""t"":3443},{""x"":1157,""y"":513,""t"":3826},{""x"":1365,""y"":529,""t"":4199},{""x"":1360,""y"":694,""t"":4574},{""x"":1412,""y"":711,""t"":4958},{""x"":1213,""y"":669,""t"":5339},{""x"":1183,""y"":592,""t"":5719},{""x"":1125,""y"":452,""t"":6095},{""x"":1030,""y"":427,""t"":6470},{""x"":1058,""y"":421,""t"":6852},{""x"":1017,""y"":461,""t"":7238},{""x"":1062,""y"":441,""t"":7623},{""x"":1003,""y"":475,""t"":8016}]",0,0.8359120199569662,0.1640879800430338,wa_b-last_b-longer,0
125-attributes,1,119,exp_11,0.0,383.6999999992549,0.7,0.29,1.7999999999999998,5.0,higher_p,higher_m,0,1,attributes,1.0,True,1.2599999999999998,1.45,-0.1900000000000001,0.0617557805929019,0.5,0.5,0.6,0.4,0.0,0.0,higher_p,higher_p,True,"{""durations"":[1000,1500,1000,1500],""alternatives"":[""all"",""all"",""all"",""all""],""attributes"":[""m"",""p"",""m"",""p""]}","[{""x"":1019,""y"":422,""t"":0},{""x"":1032,""y"":429,""t"":382},{""x"":1020,""y"":320,""t"":769},{""x"":870,""y"":268,""t"":1159},{""x"":684,""y"":334,""t"":1544},{""x"":670,""y"":361,""t"":1924},{""x"":762,""y"":445,""t"":2304},{""x"":780,""y"":614,""t"":2679},{""x"":874,""y"":598,""t"":3056},{""x"":943,""y"":488,""t"":3438},{""x"":1084,""y"":443,""t"":3823},{""x"":1111,""y"":532,""t"":4204},{""x"":1140,""y"":603,""t"":4579},{""x"":1281,""y"":570,""t"":4958},{""x"":1371,""y"":589,""t"":5339},{""x"":1438,""y"":698,""t"":5719},{""x"":1392,""y"":727,""t"":6092},{""x"":1517,""y"":727,""t"":6470},{""x"":1519,""y"":616,""t"":6852},{""x"":1427,""y"":534,""t"":7237},{""x"":1380,""y"":491,""t"":7612},{""x"":1253,""y"":496,""t"":7989}]",0,0.9984075781517913,0.001592421848208753,wa_b-last_b-longer,0
125-attributes,1,122,exp_81,1.0,375.79999999701977,0.61,0.29,2.2,8.1,higher_p,higher_m,0,1,attributes,1.0,True,1.342,2.349,-1.0069999999999997,-0.7791520984804502,0.5,0.5,0.6,0.4,0.0,1.0,higher_p,higher_m,False,"{""durations"":[1500,1000,1500,1000],""alternatives"":[""all"",""all"",""all"",""all""],""attributes"":[""p"",""m"",""p"",""m""]}","[{""x"":965,""y"":372,""t"":0},{""x"":908,""y"":286,""t"":382},{""x"":995,""y"":281,""t"":762},{""x"":952,""y"":291,""t"":1138},{""x"":1023,""y"":374,""t"":1528},{""x"":1150,""y"":471,""t"":1917},{""x"":1016,""y"":382,""t"":2293},{""x"":1091,""y"":469,""t"":2671},{""x"":957,""y"":338,""t"":3050},{""x"":934,""y"":505,""t"":3431},{""x"":1002,""y"":624,""t"":3807},{""x"":1035,""y"":715,""t"":4182},{""x"":1006,""y"":719,""t"":4564},{""x"":1152,""y"":774,""t"":4942},{""x"":1215,""y"":628,""t"":5325},{""x"":1247,""y"":544,""t"":5701},{""x"":1196,""y"":417,""t"":6084},{""x"":1303,""y"":400,""t"":6464},{""x"":1224,""y"":535,""t"":6847},{""x"":1175,""y"":541,""t"":7225},{""x"":1190,""y"":560,""t"":7602},{""x"":1236,""y"":552,""t"":7983}]",1,0.4714423368644366,0.5285576631355634,wa_b-last_b-longer,0
125-attributes,1,124,exp_109,0.0,386.29999999701977,0.78,0.4,2.1,3.0,higher_p,higher_m,0,1,attributes,1.0,True,1.638,1.2000000000000002,0.4379999999999999,0.7081329507986126,0.5,0.5,0.4,0.6,1.0,0.0,higher_m,higher_p,True,"{""durations"":[1500,1000,1500,1000],""alternatives"":[""all"",""all"",""all"",""all""],""attributes"":[""m"",""p"",""m"",""p""]}","[{""x"":1177,""y"":910,""t"":0},{""x"":1144,""y"":808,""t"":380},{""x"":1188,""y"":719,""t"":756},{""x"":1181,""y"":707,""t"":1132},{""x"":1198,""y"":671,""t"":1511},{""x"":1161,""y"":608,""t"":1895},{""x"":1110,""y"":665,""t"":2277},{""x"":1051,""y"":757,""t"":2650},{""x"":1032,""y"":744,""t"":3027},{""x"":1043,""y"":714,""t"":3414},{""x"":908,""y"":653,""t"":3823},{""x"":983,""y"":576,""t"":4217},{""x"":939,""y"":486,""t"":4589},{""x"":1080,""y"":436,""t"":4963},{""x"":1169,""y"":529,""t"":5345},{""x"":1083,""y"":591,""t"":5726},{""x"":1262,""y"":689,""t"":6104},{""x"":1234,""y"":600,""t"":6479},{""x"":1159,""y"":586,""t"":6860},{""x"":1127,""y"":603,""t"":7246},{""x"":1141,""y"":519,""t"":7628},{""x"":1341,""y"":425,""t"":8004}]",0,0.9998430497073953,0.00015695029260466168,wa_b-last_b-longer,0
125-attributes,1,125,exp_95,0.0,384.1999999992549,0.5,0.38,3.0,4.0,higher_p,higher_m,0,1,attributes,1.0,True,1.5,1.52,-0.02,0.2367304922727919,0.5,0.5,0.4,0.6,1.0,1.0,higher_m,higher_m,True,"{""durations"":[1000,1500,1000,1500],""alternatives"":[""all"",""all"",""all"",""all""],""attributes"":[""p"",""m"",""p"",""m""]}","[{""x"":1202,""y"":490,""t"":0},{""x"":1237,""y"":500,""t"":381},{""x"":1214,""y"":525,""t"":757},{""x"":1226,""y"":599,""t"":1138},{""x"":1346,""y"":535,""t"":1522},{""x"":1368,""y"":569,""t"":1916},{""x"":1351,""y"":548,""t"":2303},{""x"":1349,""y"":489,""t"":2684},{""x"":1285,""y"":547,""t"":3073},{""x"":1089,""y"":563,""t"":3454},{""x"":1187,""y"":628,""t"":3832},{""x"":1170,""y"":659,""t"":4207},{""x"":1103,""y"":572,""t"":4584},{""x"":1231,""y"":541,""t"":4966},{""x"":1119,""y"":391,""t"":5346},{""x"":1155,""y"":286,""t"":5718},{""x"":1180,""y"":369,""t"":6096},{""x"":1274,""y"":413,""t"":6478},{""x"":1214,""y"":375,""t"":6863},{""x"":1240,""y"":471,""t"":7239},{""x"":1267,""y"":391,""t"":7615}]",0,0.798117103283306,0.2018828967166939,wa_b-last_b-longer,0
125-attributes,1,128,exp_71,0.0,383.3999999985099,0.72,0.51,4.2,5.2,higher_p,higher_m,0,1,attributes,1.0,True,3.024,2.652,0.3719999999999999,0.64020159214642,0.5,0.5,0.4,0.6,1.0,1.0,higher_m,higher_m,True,"{""durations"":[1000,1500,1000,1500],""alternatives"":[""all"",""all"",""all"",""all""],""attributes"":[""p"",""m"",""p"",""m""]}","[{""x"":885,""y"":428,""t"":0},{""x"":928,""y"":391,""t"":384},{""x"":855,""y"":460,""t"":768},{""x"":946,""y"":561,""t"":1146},{""x"":858,""y"":545,""t"":1519},{""x"":1020,""y"":441,""t"":1897},{""x"":1146,""y"":468,""t"":2276},{""x"":1340,""y"":561,""t"":2654},{""x"":1176,""y"":564,""t"":3031},{""x"":1220,""y"":616,""t"":3410},{""x"":1293,""y"":635,""t"":3792},{""x"":1304,""y"":633,""t"":4175},{""x"":1150,""y"":613,""t"":4561},{""x"":1204,""y"":672,""t"":4937},{""x"":1210,""y"":582,""t"":5314},{""x"":1076,""y"":542,""t"":5691},{""x"":1018,""y"":614,""t"":6069},{""x"":933,""y"":592,""t"":6448},{""x"":970,""y"":566,""t"":6831},{""x"":896,""y"":536,""t"":7211},{""x"":991,""y"":447,""t"":7592}]",0,0.974828407954644,0.025171592045355875,wa_b-last_b-longer,0
125-attributes,1,129,catch_19,1.0,384.2000000029802,0.48,0.59,3.1,4.8,dominated,dominant,1,1,attributes,1.0,True,1.488,2.832,-1.344,-1.1260137328105846,0.5,0.5,0.5,0.5,,1.0,,dominant,True,"{""durations"":[1250,1250,1250,1250],""attributes"":[""p"",""m"",""p"",""m""],""alternatives"":[""all"",""all"",""all"",""all""]}","[{""x"":1115,""y"":432,""t"":0},{""x"":1196,""y"":335,""t"":381},{""x"":1096,""y"":357,""t"":760},{""x"":986,""y"":389,""t"":1135},{""x"":1002,""y"":412,""t"":1515},{""x"":997,""y"":337,""t"":1901},{""x"":860,""y"":312,""t"":2283},{""x"":955,""y"":450,""t"":2658},{""x"":1068,""y"":459,""t"":3044},{""x"":1262,""y"":374,""t"":3429},{""x"":1410,""y"":426,""t"":3864},{""x"":1455,""y"":517,""t"":4259},{""x"":1182,""y"":547,""t"":4633},{""x"":1181,""y"":612,""t"":5009},{""x"":1166,""y"":496,""t"":5393},{""x"":1151,""y"":436,""t"":5778},{""x"":1188,""y"":539,""t"":6158},{""x"":1190,""y"":509,""t"":6535},{""x"":1146,""y"":449,""t"":6916},{""x"":1285,""y"":475,""t"":7300},{""x"":1257,""y"":484,""t"":7687},{""x"":1253,""y"":439,""t"":8072},{""x"":1155,""y"":469,""t"":8448},{""x"":1183,""y"":509,""t"":8825}]",1,0.004521878852886219,0.9954781211471136,wa_b-last_b-longer,0
125-attributes,1,130,exp_93,0.0,765.4000000022352,0.5,0.38,3.0,4.0,higher_p,higher_m,0,1,attributes,1.0,True,1.5,1.52,-0.02,0.2367304922727919,0.5,0.5,0.4,0.6,1.0,0.0,higher_m,higher_p,True,"{""durations"":[1500,1000,1500,1000],""alternatives"":[""all"",""all"",""all"",""all""],""attributes"":[""m"",""p"",""m"",""p""]}","[{""x"":993,""y"":324,""t"":0},{""x"":928,""y"":302,""t"":381},{""x"":903,""y"":131,""t"":759},{""x"":847,""y"":106,""t"":1133},{""x"":864,""y"":35,""t"":1539},{""x"":807,""y"":61,""t"":1923},{""x"":926,""y"":270,""t"":2313},{""x"":861,""y"":320,""t"":2685},{""x"":978,""y"":338,""t"":3066},{""x"":1007,""y"":416,""t"":3447},{""x"":1032,""y"":377,""t"":3828},{""x"":943,""y"":312,""t"":4207},{""x"":1180,""y"":475,""t"":4581},{""x"":1317,""y"":494,""t"":4957},{""x"":1335,""y"":580,""t"":5339},{""x"":1125,""y"":557,""t"":5720},{""x"":1156,""y"":668,""t"":6095},{""x"":1102,""y"":754,""t"":6472},{""x"":1165,""y"":666,""t"":6858},{""x"":1156,""y"":598,""t"":7241},{""x"":1190,""y"":505,""t"":7625},{""x"":1232,""y"":581,""t"":7999},{""x"":1240,""y"":474,""t"":8383}]",0,0.8842356284472435,0.11576437155275646,wa_b-last_b-longer,0
125-attributes,1,135,exp_97,0.0,762.6999999992549,0.58,0.38,4.9,6.9,higher_p,higher_m,0,1,attributes,1.0,True,2.842,2.6220000000000003,0.2199999999999997,0.4837536146444008,0.5,0.5,0.6,0.4,0.0,1.0,higher_p,higher_m,True,"{""durations"":[1500,1000,1500,1000],""alternatives"":[""all"",""all"",""all"",""all""],""attributes"":[""p"",""m"",""p"",""m""]}","[{""x"":875,""y"":456,""t"":0},{""x"":905,""y"":382,""t"":387},{""x"":979,""y"":378,""t"":794},{""x"":1120,""y"":496,""t"":1177},{""x"":1205,""y"":508,""t"":1557},{""x"":1194,""y"":514,""t"":1944},{""x"":1096,""y"":380,""t"":2328},{""x"":1042,""y"":412,""t"":2709},{""x"":971,""y"":414,""t"":3089},{""x"":795,""y"":436,""t"":3474},{""x"":944,""y"":450,""t"":3857},{""x"":1035,""y"":417,""t"":4240},{""x"":1054,""y"":376,""t"":4618},{""x"":1161,""y"":333,""t"":4997},{""x"":1231,""y"":259,""t"":5379},{""x"":1182,""y"":291,""t"":5760},{""x"":1221,""y"":252,""t"":6142},{""x"":1157,""y"":452,""t"":6516},{""x"":1032,""y"":410,""t"":6894},{""x"":1004,""y"":338,""t"":7275},{""x"":964,""y"":332,""t"":7658},{""x"":1001,""y"":481,""t"":8038},{""x"":902,""y"":534,""t"":8412}]",0,0.8873763365026227,0.11262366349737725,wa_b-last_b-longer,0
125-attributes,1,136,exp_105,0.0,382.3999999985099,0.78,0.4,2.1,3.0,higher_p,higher_m,0,1,attributes,1.0,True,1.638,1.2000000000000002,0.4379999999999999,0.7081329507986126,0.5,0.5,0.6,0.4,0.0,1.0,higher_p,higher_m,True,"{""durations"":[1500,1000,1500,1000],""alternatives"":[""all"",""all"",""all"",""all""],""attributes"":[""p"",""m"",""p"",""m""]}","[{""x"":963,""y"":195,""t"":0},{""x"":884,""y"":195,""t"":381},{""x"":937,""y"":273,""t"":757},{""x"":920,""y"":285,""t"":1132},{""x"":1036,""y"":452,""t"":1514},{""x"":1118,""y"":385,""t"":1897},{""x"":1072,""y"":375,""t"":2273},{""x"":1173,""y"":303,""t"":2649},{""x"":1134,""y"":359,""t"":3028},{""x"":1056,""y"":396,""t"":3411},{""x"":942,""y"":393,""t"":3791},{""x"":956,""y"":455,""t"":4163},{""x"":860,""y"":447,""t"":4547},{""x"":947,""y"":431,""t"":4925},{""x"":905,""y"":385,""t"":5307},{""x"":950,""y"":390,""t"":5683},{""x"":950,""y"":325,""t"":6058},{""x"":1070,""y"":434,""t"":6440},{""x"":1116,""y"":520,""t"":6823},{""x"":1095,""y"":494,""t"":7205},{""x"":1122,""y"":533,""t"":7581},{""x"":1089,""y"":552,""t"":7955}]",0,0.9996968022107972,0.00030319778920295494,wa_b-last_b-longer,0
125-attributes,1,137,exp_65,0.0,384.30000000074506,0.72,0.51,4.2,5.2,higher_p,higher_m,0,1,attributes,1.0,True,3.024,2.652,0.3719999999999999,0.64020159214642,0.5,0.5,0.6,0.4,0.0,1.0,higher_p,higher_m,True,"{""durations"":[1500,1000,1500,1000],""alternatives"":[""all"",""all"",""all"",""all""],""attributes"":[""p"",""m"",""p"",""m""]}","[{""x"":1090,""y"":401,""t"":0},{""x"":1150,""y"":376,""t"":382},{""x"":1202,""y"":396,""t"":757},{""x"":1337,""y"":569,""t"":1133},{""x"":1324,""y"":649,""t"":1514},{""x"":1195,""y"":714,""t"":1895},{""x"":1280,""y"":774,""t"":2277},{""x"":1259,""y"":734,""t"":2650},{""x"":1333,""y"":792,""t"":3029},{""x"":1357,""y"":837,""t"":3410},{""x"":1274,""y"":860,""t"":3791},{""x"":1248,""y"":920,""t"":4170},{""x"":1221,""y"":879,""t"":4543},{""x"":1227,""y"":743,""t"":4920},{""x"":1289,""y"":672,""t"":5300},{""x"":1111,""y"":585,""t"":5681},{""x"":1086,""y"":490,""t"":6061},{""x"":1058,""y"":541,""t"":6434},{""x"":918,""y"":521,""t"":6814},{""x"":978,""y"":544,""t"":7198},{""x"":924,""y"":528,""t"":7578},{""x"":920,""y"":562,""t"":7949}]",0,0.9748283272558187,0.025171672744181414,wa_b-last_b-longer,0
125-attributes,1,138,exp_55,0.0,391.30000000074506,0.49,0.32,6.9,8.2,higher_p,higher_m,0,1,attributes,1.0,True,3.381,2.624,0.7570000000000006,1.0364678509508771,0.5,0.5,0.4,0.6,1.0,1.0,higher_m,higher_m,True,"{""durations"":[1000,1500,1000,1500],""alternatives"":[""all"",""all"",""all"",""all""],""attributes"":[""p"",""m"",""p"",""m""]}","[{""x"":837,""y"":464,""t"":0},{""x"":877,""y"":448,""t"":382},{""x"":946,""y"":545,""t"":758},{""x"":1104,""y"":564,""t"":1136},{""x"":1138,""y"":545,""t"":1518},{""x"":982,""y"":502,""t"":1897},{""x"":1160,""y"":457,""t"":2277},{""x"":1048,""y"":474,""t"":2651},{""x"":1042,""y"":459,""t"":3029},{""x"":959,""y"":442,""t"":3411},{""x"":1034,""y"":500,""t"":3789},{""x"":1087,""y"":522,""t"":4169},{""x"":1145,""y"":446,""t"":4547},{""x"":1090,""y"":341,""t"":4927},{""x"":1088,""y"":328,""t"":5307},{""x"":1169,""y"":346,""t"":5693},{""x"":1180,""y"":316,""t"":6072},{""x"":1233,""y"":407,""t"":6455},{""x"":1098,""y"":321,""t"":6846},{""x"":1051,""y"":415,""t"":7231},{""x"":966,""y"":463,""t"":7615}]",0,0.9038454425044101,0.09615455749558988,wa_b-last_b-longer,0
